geometry_id,rho,x,direction,side_length,jacobi_cprime,normalized_S,shooting_residual,shooting_iterations,K,DeltaK,Kww,s2,s4,E6
1,0.01500000000000000000000000000000000000000000000000000000000000038893845,0.3999999999999999999999999999999999999999999999999999999999999844424618,plus,0.005960052082888550326595077533490089013116261562092132844909760483570363,0.01499992707126221810030354704365858483291912072324849040555466389947722,0.1986693686767045788161904509501752674495735149737208960347725412200745,3.253570619219721835785081700939977279314088084540522980921370191109166e-57,18,,,,,,
1,0.01500000000000000000000000000000000000000000000000000000000000038893845,0.3999999999999999999999999999999999999999999999999999999999999844424618,minus,0.005960051375433854472187777091062184989019047021692180719116677446842793,0.01499992517991768796093555630559485329245644007889456999653367118706868,0.1986693701450369579143577602461527883214011992505545356944377609071483,2.268046131948652682878007956218307260129139895143051094056710983678427e-57,18,,,,,,
1,0.01500000000000000000000000000000000000000000000000000000000000038893845,0.3999999999999999999999999999999999999999999999999999999999999844424618,EVEN_DIAGNOSTIC,,,0.1986693694108707683652741055981640278854873571121377158646051510636114,,,0.1313402336224369283269333033989348976869302589853499939964452858607565,-0.1719347521618296157840786945162498327892591398488729487287192588251412,-0.2297795276692186150171792558663842768835885605000026960879073670087678,0.0001716481079939607625293734554065863746057088490751797711204648205028186,-0.00009905655424233806564317597967540714934786726194162827482551345888035179,-0.0000006739570239610264937170336282492684071244066417225618864650904462738765
1,0.01500000000000000000000000000000000000000000000000000000000000038893845,0.7999999999999999999999999999999999999999999999999999999999999688849236,plus,0.01168250203325464851689835920436775705142662997970810258967937300217353,0.01499992707126221810030354704365858483291912072324849040555466389947722,0.3894186277624210487506111842333783350282513092723084879280300660187892,2.995094265951168209753266643034660879807356366725122136539784077296048e-52,18,,,,,,
1,0.01500000000000000000000000000000000000000000000000000000000000038893845,0.7999999999999999999999999999999999999999999999999999999999999688849236,minus,0.01168250088223205700885143332874138848419350791259778692327202925093130,0.01499992517991768796093555630559485329245644007889456999653367118706868,0.3894186384967076446850703652060856495165480431621183467052194363995608,2.133702896500234641089814514151281063523774808803089984388437483865629e-52,18,,,,,,
1,0.01500000000000000000000000000000000000000000000000000000000000038893845,0.7999999999999999999999999999999999999999999999999999999999999688849236,EVEN_DIAGNOSTIC,,,0.3894186331295643467178407747197319922723996762172134173166247512091750,,,0.1313402336224369283269333033989348976869302589853499939964452858607565,-0.1719347521618296157840786945162498327892591398488729487287192588251412,-0.2297795276692186150171792558663842768835885605000026960879073670087678,0.001292694036285946918993500123522726156086753285269483039750983160518435,-0.0006961836488339480920710259890914195264579688867907235132496117790958437,-0.000001059143737367563709123625131476042797347742356308411949745922676242290
1,0.01500000000000000000000000000000000000000000000000000000000000038893845,1.200000000000000000000000000000000000000000000000000000000000031115076,plus,0.01693921797332426732012238026443735353103411522511594339684125083199843,0.01499992707126221810030354704365858483291912072324849040555466389947722,0.5646433443592356486433926492706610116012429337912374768361635226807627,1.628679721980579560148422740455999909305177530541410888323265059876225e-49,18,,,,,,
1,0.01500000000000000000000000000000000000000000000000000000000000038893845,1.200000000000000000000000000000000000000000000000000000000000031115076,minus,0.01693921677252789034147226879612168882544605121024079158617872330376562,0.01499992517991768796093555630559485329245644007889456999653367118706868,0.5646433755285186108055051760402276434786634693047510587722254438833646,1.201890717607105118983668154100904192915932401267738496189150868492045e-49,18,,,,,,
1,0.01500000000000000000000000000000000000000000000000000000000000038893845,1.200000000000000000000000000000000000000000000000000000000000031115076,EVEN_DIAGNOSTIC,,,0.5646433599438771297244489126554443275399532015479942678041944832820637,,,0.1313402336224369283269333033989348976869302589853499939964452858607565,-0.1719347521618296157840786945162498327892591398488729487287192588251412,-0.2297795276692186150171792558663842768835885605000026960879073670087678,0.003940643656431868181745407387874633772341301317054124356801971539177821,-0.001895922231025409624257698815262882030409451067851701427363158913716144,0.00001214146053763583386786591163720608172246140494238508684666483886293426
1,0.01800000000000000000000000000000000000000000000000000000000000095289921,0.3999999999999999999999999999999999999999999999999999999999999844424618,plus,0.007152047922918174497207292719495273242304134340565506093891068565117980,0.01799987430936497581312597646572857647682076989099539218792070151289007,0.1986693851300146724942656640950305770300067162289176351603704330638084,7.478486723430423169295798315094711736619522797981669395221589208830950e-56,18,,,,,,
1,0.01800000000000000000000000000000000000000000000000000000000000095289921,0.3999999999999999999999999999999999999999999999999999999999999844424618,minus,0.007152046455939578787197267564745565315100726211737215193321087502841417,0.01799987038747320242284464979611920600496478338839621943162396606112752,0.1986693876672845709869172812633233022275228286039721863247707549307997,4.850349064282962228921808374798927108117251574228435150560236799464510e-56,18,,,,,,
1,0.01800000000000000000000000000000000000000000000000000000000000095289921,0.3999999999999999999999999999999999999999999999999999999999999844424618,EVEN_DIAGNOSTIC,,,0.1986693863986496217405914726791769396287647724164449107425706037207654,,,0.1313402336224369283269333033989348976869302589853499939964452858607565,-0.1719347521618296157840786945162498327892591398488729487287192588251412,-0.2297795276692186150171792558663842768835885605000026960879073670087678,0.0001716481079939607625293734554065863746057088490751797711204648205028186,-0.00009905655424233806564317597967540714934786726194162827482551345888035179,-0.0000006739919310532958480113803139854508155630307166410194827058440539126593
1,0.01800000000000000000000000000000000000000000000000000000000000095289921,0.7999999999999999999999999999999999999999999999999999999999999688849236,plus,0.01401897717200479007597586277348327073303764009937693825906754097963700,0.01799987430936497581312597646572857647682076989099539218792070151289007,0.3894187517940332420132012877184694463240528599785615141706261874176421,6.868926927869593632432912834606436924771394326078624725799643598781121e-51,18,,,,,,
1,0.01800000000000000000000000000000000000000000000000000000000000095289921,0.7999999999999999999999999999999999999999999999999999999999999688849236,minus,0.01401897478524055611105888611846260773524439267259132452284556446944713,0.01799987038747320242284464979611920600496478338839621943162396606112752,0.3894187703428380331204452603834142765309930299053014196563778563619867,4.572510652569144654475160592783294425960012420888374887005976254727395e-51,18,,,,,,
1,0.01800000000000000000000000000000000000000000000000000000000000095289921,0.7999999999999999999999999999999999999999999999999999999999999688849236,EVEN_DIAGNOSTIC,,,0.3894187610684356375668232740509418614275229449419314669135020218898144,,,0.1313402336224369283269333033989348976869302589853499939964452858607565,-0.1719347521618296157840786945162498327892591398488729487287192588251412,-0.2297795276692186150171792558663842768835885605000026960879073670087678,0.001292694036285946918993500123522726156086753285269483039750983160518435,-0.0006961836488339480920710259890914195264579688867907235132496117790958437,-0.000001059216171860021720434922190163178982757937523530468403752284605413388
1,0.01800000000000000000000000000000000000000000000000000000000000095289921,1.200000000000000000000000000000000000000000000000000000000000031115076,plus,0.02032703208837909767043184083286103504799001824889241867389583313085279,0.01799987430936497581312597646572857647682076989099539218792070151289007,0.5646437230343144132937730096411484099819984040574490218587681401455759,3.722086818754193560462582396836242255814312275627322443981162584273595e-48,18,,,,,,
1,0.01800000000000000000000000000000000000000000000000000000000000095289921,1.200000000000000000000000000000000000000000000000000000000000031115076,minus,0.02032702959839925018037586856570116637980219535316588166755448501108378,0.01799987038747320242284464979611920600496478338839621943162396606112752,0.5646437768947938306572187181138041263223112295917181240878432636075904,2.584754470907851668042789883223041047704006771902216591557244307437748e-48,18,,,,,,
1,0.01800000000000000000000000000000000000000000000000000000000000095289921,1.200000000000000000000000000000000000000000000000000000000000031115076,EVEN_DIAGNOSTIC,,,0.5646437499645541219754958638774762681521548168245835729733057018765831,,,0.1313402336224369283269333033989348976869302589853499939964452858607565,-0.1719347521618296157840786945162498327892591398488729487287192588251412,-0.2297795276692186150171792558663842768835885605000026960879073670087678,0.003940643656431868181745407387874633772341301317054124356801971539177821,-0.001895922231025409624257698815262882030409451067851701427363158913716144,0.00001214191059465628889426613092978786296396588321867258790525500532249341
1,0.02200000000000000000000000000000000000000000000000000000000000089455845,0.3999999999999999999999999999999999999999999999999999999999999844424618,plus,0.008741363244459819560323895985176325298760337194009016788647254658193972,0.02199977132109968709400243445738179789117724786866575571842447579745005,0.1986694115332938648166696637246884652514520920840043088856153433285649,2.375658160376705848686794707224001661362976827140930915260310992237061e-54,18,,,,,,
1,0.02200000000000000000000000000000000000000000000000000000000000089455845,0.3999999999999999999999999999999999999999999999999999999999999844424618,minus,0.008741359970866410658673549393103903942865837147257420092342500083319495,0.02199976256932226456509308611288295358171545554659522838418347802232875,0.1986694161657877670679151123804062532403372432866432056472491201721017,1.399463796277923926625530716411649378640080157741541258649906334639824e-54,18,,,,,,
1,0.02200000000000000000000000000000000000000000000000000000000000089455845,0.3999999999999999999999999999999999999999999999999999999999999844424618,EVEN_DIAGNOSTIC,,,0.1986694138495408159422923880525473592458946676853237572664322414737947,,,0.1313402336224369283269333033989348976869302589853499939964452858607565,-0.1719347521618296157840786945162498327892591398488729487287192588251412,-0.2297795276692186150171792558663842768835885605000026960879073670087678,0.0001716481079939607625293734554065863746057088490751797711204648205028186,-0.00009905655424233806564317597967540714934786726194162827482551345888035179,-0.0000006740483406775268302892307546303825641428799841939077931637687904323488
1,0.02200000000000000000000000000000000000000000000000000000000000089455845,0.7999999999999999999999999999999999999999999999999999999999999688849236,plus,0.01713425573476854363822239127409141098838345136229866120606439551835956,0.02199977132109968709400243445738179789117724786866575571842447579745005,0.3894189508764417840627083661263274018982571388402080867053867907156932,2.175431257233808151382922523066024636635186729319204515050796168547911e-49,18,,,,,,
1,0.02200000000000000000000000000000000000000000000000000000000000089455845,0.7999999999999999999999999999999999999999999999999999999999999688849236,minus,0.01713425040864374944650183683320508335664782248403989880878940800800661,0.02199976256932226456509308611288295358171545554659522838418347802232875,0.3894189847425156901698505990422433728968879531717920745678788887339341,1.322916272072712279426460544512528153953343940097688235748835209518068e-49,18,,,,,,
1,0.02200000000000000000000000000000000000000000000000000000000000089455845,0.7999999999999999999999999999999999999999999999999999999999999688849236,EVEN_DIAGNOSTIC,,,0.3894189678094787371162794825842853873975725460060000806366328591717364,,,0.1313402336224369283269333033989348976869302589853499939964452858607565,-0.1719347521618296157840786945162498327892591398488729487287192588251412,-0.2297795276692186150171792558663842768835885605000026960879073670087678,0.001292694036285946918993500123522726156086753285269483039750983160518435,-0.0006961836488339480920710259890914195264579688867907235132496117790958437,-0.000001059333192968740645591782716722326832499037568557175834461820956860595
1,0.02200000000000000000000000000000000000000000000000000000000000089455845,1.200000000000000000000000000000000000000000000000000000000000031115076,plus,0.02484409232186759851820656978586551363562737431328056164046112152320577,0.02199977132109968709400243445738179789117724786866575571842447579745005,0.5646443310535678411561797230899598390698111564190776964100489589301493,1.173294526358935411224654559533971118936710927836930353776754875469343e-46,18,,,,,,
1,0.02200000000000000000000000000000000000000000000000000000000000089455845,1.200000000000000000000000000000000000000000000000000000000000031115076,minus,0.02484408676539822057412509567855116740233732400702431228879660661426025,0.02199976256932226456509308611288295358171545554659522838418347802232875,0.5646444293913027364542065887163806805335904681084632212839382375709695,7.513503241675923551806504232095385963704985719728760627207249595002171e-47,18,,,,,,
1,0.02200000000000000000000000000000000000000000000000000000000000089455845,1.200000000000000000000000000000000000000000000000000000000000031115076,EVEN_DIAGNOSTIC,,,0.5646443802224352888051931559031702598017008122637704588469935982505594,,,0.1313402336224369283269333033989348976869302589853499939964452858607565,-0.1719347521618296157840786945162498327892591398488729487287192588251412,-0.2297795276692186150171792558663842768835885605000026960879073670087678,0.003940643656431868181745407387874633772341301317054124356801971539177821,-0.001895922231025409624257698815262882030409451067851701427363158913716144,0.00001214263804723637310642843099079529453123348214477162683606063855807208
1,0.02700000000000000000000000000000000000000000000000000000000000021391615,0.3999999999999999999999999999999999999999999999999999999999999844424618,plus,0.01072798316596202174477726867225528815470544753730044879374459918341526,0.02699957915013840079905977191870815546112771134286961608022338433962972,0.1986694515923043512157667367699631828287178454376491406691159537761232,8.187830089533076794438451379751168835556826191308568514015432072894315e-53,18,,,,,,
1,0.02700000000000000000000000000000000000000000000000000000000000021391615,0.3999999999999999999999999999999999999999999999999999999999999844424618,minus,0.01072797573937173665605399759719706064368605414461160773660738227599476,0.02699955929556636473559950940180443047484793592551322567532472404220569,0.1986694601554735840644522910589881712983273613615792103203412508822159,4.276838581295985247166725734332380228378045906961703957002475369898793e-53,18,,,,,,
1,0.02700000000000000000000000000000000000000000000000000000000000021391615,0.3999999999999999999999999999999999999999999999999999999999999844424618,EVEN_DIAGNOSTIC,,,0.1986694558738889676401095139144756770635226033996141754947285926057082,,,0.1313402336224369283269333033989348976869302589853499939964452858607565,-0.1719347521618296157840786945162498327892591398488729487287192588251412,-0.2297795276692186150171792558663842768835885605000026960879073670087678,0.0001716481079939607625293734554065863746057088490751797711204648205028186,-0.00009905655424233806564317597967540714934786726194162827482551345888035179,-0.0000006741347038389951750303362844675098282650306594031342471315403284933206
1,0.02700000000000000000000000000000000000000000000000000000000000021391615,0.7999999999999999999999999999999999999999999999999999999999999688849236,plus,0.02102831188856010391223969276910697459895293071149982748842194979630923,0.02699957915013840079905977191870815546112771134286961608022338433962972,0.3894192530118068903430945818487650493635941703901298758070267441775999,7.469203564697424702199518520911752667509935990667790928959386275524949e-48,18,,,,,,
1,0.02700000000000000000000000000000000000000000000000000000000000021391615,0.7999999999999999999999999999999999999999999999999999999999999688849236,minus,0.02102829980548773572280922906435992693692684916756097456190597846440288,0.02699955929556636473559950940180443047484793592551322567532472404220569,0.3894193156134371079066854939628645053726836359716642676380793586296480,4.056568532867937460236875177537269872508533971544017473584778826424078e-48,18,,,,,,
1,0.02700000000000000000000000000000000000000000000000000000000000021391615,0.7999999999999999999999999999999999999999999999999999999999999688849236,EVEN_DIAGNOSTIC,,,0.3894192843126219991248900379058147773681389031808970717225530708505467,,,0.1313402336224369283269333033989348976869302589853499939964452858607565,-0.1719347521618296157840786945162498327892591398488729487287192588251412,-0.2297795276692186150171792558663842768835885605000026960879073670087678,0.001292694036285946918993500123522726156086753285269483039750983160518435,-0.0006961836488339480920710259890914195264579688867907235132496117790958437,-0.000001059512274419624622415423041766244472789567623965889365802048279251292
1,0.02700000000000000000000000000000000000000000000000000000000000021391615,1.200000000000000000000000000000000000000000000000000000000000031115076,plus,0.03049036846652663141473043253677644503750395050238877626139248349269931,0.02699957915013840079905977191870815546112771134286961608022338433962972,0.5646452542274225912515689313554995797700116156500097324122467835089066,4.004907406875073273739423023226213213572503873596603108192742801636101e-45,18,,,,,,
1,0.02700000000000000000000000000000000000000000000000000000000000021391615,1.200000000000000000000000000000000000000000000000000000000000031115076,minus,0.03049035586082805837361687278187810559770398503487620941024701933661603,0.02699955929556636473559950940180443047484793592551322567532472404220569,0.5646454360059669975341887218900369553833587205357244904402557575630665,2.317539919669620893750411792218986981081064385117647745905837867959433e-45,18,,,,,,
1,0.02700000000000000000000000000000000000000000000000000000000000021391615,1.200000000000000000000000000000000000000000000000000000000000031115076,EVEN_DIAGNOSTIC,,,0.5646453451166947943928788266227682675766851680928671114262512705359866,,,0.1313402336224369283269333033989348976869302589853499939964452858607565,-0.1719347521618296157840786945162498327892591398488729487287192588251412,-0.2297795276692186150171792558663842768835885605000026960879073670087678,0.003940643656431868181745407387874633772341301317054124356801971539177821,-0.001895922231025409624257698815262882030409451067851701427363158913716144,0.00001214375216898940845721750379168875832040182961336465245879177849773895
1,0.03299999999999999999999999999999999999999999999999999999999999891097233,0.3999999999999999999999999999999999999999999999999999999999999844424618,plus,0.01311188396796802887345584187016047647284491533731156431880036789478965,0.03299923572103325765060195717220839458628739173781209908052318433896762,0.1986695097852023115219294010239638719385261982705197578391852972042868,2.660640676874132477814446548421967522385668700531624736279598958170401e-51,18,,,,,,
1,0.03299999999999999999999999999999999999999999999999999999999999891097233,0.3999999999999999999999999999999999999999999999999999999999999844424618,minus,0.01311186739536426664631503999943893382352682865249747160026744621676082,0.03299919141517697039204509467314038231338911378628109694171990726929984,0.1986695254195510929417301645427541746166371864805704106241961815239352,1.203036810679010359353574334230122204009649826737065445501704337515911e-51,18,,,,,,
1,0.03299999999999999999999999999999999999999999999999999999999999891097233,0.3999999999999999999999999999999999999999999999999999999999999844424618,EVEN_DIAGNOSTIC,,,0.1986695176023767022318297827833590232775816923755450842316907393641110,,,0.1313402336224369283269333033989348976869302589853499939964452858607565,-0.1719347521618296157840786945162498327892591398488729487287192588251412,-0.2297795276692186150171792558663842768835885605000026960879073670087678,0.0001716481079939607625293734554065863746057088490751797711204648205028186,-0.00009905655424233806564317597967540714934786726194162827482551345888035179,-0.0000006742615739141704588136576141911420684034606500172950278307351650284731
1,0.03299999999999999999999999999999999999999999999999999999999999891097233,0.7999999999999999999999999999999999999999999999999999999999999688849236,plus,0.02570110442663013052985860503851648676232173117385427318989530788693657,0.03299923572103325765060195717220839458628739173781209908052318433896762,0.3894196920786350378175969006420750272560696548398288710404813420033748,2.415940270661843361919138796927779397761006413211212325023530192720590e-46,18,,,,,,
1,0.03299999999999999999999999999999999999999999999999999999999999891097233,0.7999999999999999999999999999999999999999999999999999999999999688849236,minus,0.02570107746286197301689137906580637814805973560300299922006291482200897,0.03299919141517697039204509467314038231338911378628109694171990726929984,0.3894198063750366209584100636423109334022065230591432051866561511741326,1.145620240450083689306751340395234102602633449361918896809674221076955e-46,18,,,,,,
1,0.03299999999999999999999999999999999999999999999999999999999999891097233,0.7999999999999999999999999999999999999999999999999999999999999688849236,EVEN_DIAGNOSTIC,,,0.3894197492268358293880034821421929803291380889494860381135687465887537,,,0.1313402336224369283269333033989348976869302589853499939964452858607565,-0.1719347521618296157840786945162498327892591398488729487287192588251412,-0.2297795276692186150171792558663842768835885605000026960879073670087678,0.001292694036285946918993500123522726156086753285269483039750983160518435,-0.0006961836488339480920710259890914195264579688867907235132496117790958437,-0.000001059775179374408614224410098967566604507306653058072840791719966295937
1,0.03299999999999999999999999999999999999999999999999999999999999891097233,1.200000000000000000000000000000000000000000000000000000000000031115076,plus,0.03726581227815182790027527699247878414122703035768629012962177838206538,0.03299923572103325765060195717220839458628739173781209908052318433896762,0.5646465965634336374367434565398513956300123435770550546057027684214634,1.286335546098081959363129671395410546457574470140962278421285341883117e-43,18,,,,,,
1,0.03299999999999999999999999999999999999999999999999999999999999891097233,1.200000000000000000000000000000000000000000000000000000000000031115076,minus,0.03726578414794036318561499064845307386914710417565634962746830897977836,0.03299919141517697039204509467314038231338911378628109694171990726929984,0.5646469284517241800578323405057763722891497958541571246708635833172205,6.591450995685543479694308800070858607915996985641823518579996677450059e-44,18,,,,,,
1,0.03299999999999999999999999999999999999999999999999999999999999891097233,1.200000000000000000000000000000000000000000000000000000000000031115076,EVEN_DIAGNOSTIC,,,0.5646467625075789087472878985228138839595810697156060896382831758693419,,,0.1313402336224369283269333033989348976869302589853499939964452858607565,-0.1719347521618296157840786945162498327892591398488729487287192588251412,-0.2297795276692186150171792558663842768835885605000026960879073670087678,0.003940643656431868181745407387874633772341301317054124356801971539177821,-0.001895922231025409624257698815262882030409451067851701427363158913716144,0.00001214538970678809365423608805525507348193976799304669325941540275160072
1,0.03999999999999999999999999999999999999999999999999999999999999941659232,0.3999999999999999999999999999999999999999999999999999999999999844424618,plus,0.01589302988385629929780058628083217264527041771548107437327389108897373,0.03999864746106785521642517986887721257252978892675226603816814526673586,0.1986695912571239549991352386881713100315009126187146800397055192225640,7.591044243651171559412451700783324743745871007835229781087752049162381e-50,18,,,,,,
1,0.03999999999999999999999999999999999999999999999999999999999999941659232,0.3999999999999999999999999999999999999999999999999999999999999844424618,minus,0.01589299410917499900417893864490687114313328347035210538463589827728243,0.03999855181982749476973109416923299470144802450851338979230310191111120,0.1986696190997689738478064424384978467489574927898127451073650341563400,2.900686127299141808191976404865635444685635347361883752882971400099523e-50,18,,,,,,
1,0.03999999999999999999999999999999999999999999999999999999999999941659232,0.3999999999999999999999999999999999999999999999999999999999999844424618,EVEN_DIAGNOSTIC,,,0.1986696051784464644234708405633345783902292027042637125735352766894520,,,0.1313402336224369283269333033989348976869302589853499939964452858607565,-0.1719347521618296157840786945162498327892591398488729487287192588251412,-0.2297795276692186150171792558663842768835885605000026960879073670087678,0.0001716481079939607625293734554065863746057088490751797711204648205028186,-0.00009905655424233806564317597967540714934786726194162827482551345888035179,-0.0000006744415957972426887974973473129002832082836733682236458054008626919780
1,0.03999999999999999999999999999999999999999999999999999999999999941659232,0.7999999999999999999999999999999999999999999999999999999999999688849236,plus,0.03115257115280088653711288599609272646974792771825104922390651652139643,0.03999864746106785521642517986887721257252978892675226603816814526673586,0.3894203070631678494830070909952011073859071208753035388578393314890976,6.855491151741238892049582338775054197737583508812096467582529601395810e-45,18,,,,,,
1,0.03999999999999999999999999999999999999999999999999999999999999941659232,0.7999999999999999999999999999999999999999999999999999999999999688849236,minus,0.03115251294672195635946767632383373395692362184832531821318050113821581,0.03999855181982749476973109416923299470144802450851338979230310191111120,0.3894205106105802821185277402335872365616069415353850150522895398207399,2.774785514605517110394609442474844806662169418839820823402430763589162e-45,18,,,,,,
1,0.03999999999999999999999999999999999999999999999999999999999999941659232,0.7999999999999999999999999999999999999999999999999999999999999688849236,EVEN_DIAGNOSTIC,,,0.3894204088368740658007674156143941719737570312053442769550644551018415,,,0.1313402336224369283269333033989348976869302589853499939964452858607565,-0.1719347521618296157840786945162498327892591398488729487287192588251412,-0.2297795276692186150171792558663842768835885605000026960879073670087678,0.001292694036285946918993500123522726156086753285269483039750983160518435,-0.0006961836488339480920710259890914195264579688867907235132496117790958437,-0.000001060147877835712813036354277076003777026159520487054107023335833184877
1,0.03999999999999999999999999999999999999999999999999999999999999941659232,1.200000000000000000000000000000000000000000000000000000000000031115076,plus,0.04517035082538590867012210751170716348251011633527360538316519830321663,0.03999864746106785521642517986887721257252978892675226603816814526673586,0.5646484780435621137959272713757990621607530512657912413268944355656278,3.620354720432287332800579651800633073223642058226196828098205943123248e-42,18,,,,,,
1,0.03999999999999999999999999999999999999999999999999999999999999941659232,1.200000000000000000000000000000000000000000000000000000000000031115076,minus,0.04517029010076236394898820276552143579061634106372768886237029896707736,0.03999855181982749476973109416923299470144802450851338979230310191111120,0.5646490690991868738156775580546307227909095301132623092826539846208812,1.609742881255648915797490520033797421902500828460702296753673331924694e-42,18,,,,,,
1,0.03999999999999999999999999999999999999999999999999999999999999941659232,1.200000000000000000000000000000000000000000000000000000000000031115076,EVEN_DIAGNOSTIC,,,0.5646487735713744938058024147152148924758312906895267753047742100932545,,,0.1313402336224369283269333033989348976869302589853499939964452858607565,-0.1719347521618296157840786945162498327892591398488729487287192588251412,-0.2297795276692186150171792558663842768835885605000026960879073670087678,0.003940643656431868181745407387874633772341301317054124356801971539177821,-0.001895922231025409624257698815262882030409451067851701427363158913716144,0.00001214771504267932237435376584117613805235629440748663224284827695812103
2,0.01500000000000000000000000000000000000000000000000000000000000038893845,0.3999999999999999999999999999999999999999999999999999999999999844424618,plus,0.005960127243258402027507818061128980582652346412595130667579203751281016,0.01500012399524377925291251152147342541894813778926714779156585162094923,0.1986692658390101240327112373357821148150463310482497240028954532775839,0.0,18,,,,,,
2,0.01500000000000000000000000000000000000000000000000000000000000038893845,0.3999999999999999999999999999999999999999999999999999999999999844424618,minus,0.005960126836238382458416412827273872025626777551804938906885801204744532,0.01500012290709131010086993483791590204959535719365364179322380758031782,0.1986692666838326939068426438235158193204229949146575900939242519884995,6.583593577922926846306521476959538804855351770923107122615541593451766e-63,18,,,,,,
2,0.01500000000000000000000000000000000000000000000000000000000000038893845,0.3999999999999999999999999999999999999999999999999999999999999844424618,EVEN_DIAGNOSTIC,,,0.1986692662614214089697769405796489670677346629814536570484098526330417,,,-0.2194765356635059446785823006828360637369326692682264381448589270434139,0.2413655464037045311151571057870772030828175997691370107093854383508577,0.2469715917586272746842673540452764168879544978011127682733989470001781,-0.0002868331436352355813626040757246263839849105984605713071743648002402718,0.00007540460185927795207235970684836828731056483906102668820232011140263300,0.00001347329441305665958141710974468047500130265841488344694591147198144814
2,0.01500000000000000000000000000000000000000000000000000000000000038893845,0.7999999999999999999999999999999999999999999999999999999999999688849236,plus,0.01168263216829393302796219658377626916205905678785668418283406372054433,0.01500012399524377925291251152147342541894813778926714779156585162094923,0.3894178532123550303128141780214876336887750188126043138647141457573373,2.654490594065826940821677896618317426812939769103139898134350698972227e-58,18,,,,,,
2,0.01500000000000000000000000000000000000000000000000000000000000038893845,0.7999999999999999999999999999999999999999999999999999999999999688849236,minus,0.01168263150608445140959716998655869163775096302233024847807518705912269,0.01500012290709131010086993483791590204959535719365364179322380758031782,0.3894178593883882714759996572195720113623699476170262279821346950784891,7.310006028966879445158973828234605011450860135217489397299387125994375e-58,18,,,,,,
2,0.01500000000000000000000000000000000000000000000000000000000000038893845,0.7999999999999999999999999999999999999999999999999999999999999688849236,EVEN_DIAGNOSTIC,,,0.3894178563003716508944069176205298225255724832148152709234244398648360,,,-0.2194765356635059446785823006828360637369326692682264381448589270434139,0.2413655464037045311151571057870772030828175997691370107093854383508577,0.2469715917586272746842673540452764168879544978011127682733989470001781,-0.002160160682921510399106878289116826476399078524465293529631258671930018,0.0005505989459973199760748296652220520460043108415748370833302407855644056,0.00006539823939740652083247553168546366473693444332660699091648675786327493
2,0.01500000000000000000000000000000000000000000000000000000000000038893845,1.200000000000000000000000000000000000000000000000000000000000031115076,plus,0.01693936951195279193422278933449177672677768293122810804905762289174075,0.01500012399524377925291251152147342541894813778926714779156585162094923,0.5646409828786717446158981474617485373445828280322099433831540877015168,1.500178961100234991306762677868845693421249604896716816430296906458195e-55,18,,,,,,
2,0.01500000000000000000000000000000000000000000000000000000000000038893845,1.200000000000000000000000000000000000000000000000000000000000031115076,minus,0.01693936882112057165171718969384851757747803084783743172261471773449271,0.01500012290709131010086993483791590204959535719365364179322380758031782,0.5646410008118161080824513913025725703386225287374962514907134560510081,3.969883139261801278520947383253508327194316819298370486431129656592349e-55,18,,,,,,
2,0.01500000000000000000000000000000000000000000000000000000000000038893845,1.200000000000000000000000000000000000000000000000000000000000031115076,EVEN_DIAGNOSTIC,,,0.5646409918452439263491747693821605538416026783848530974369337718762624,,,-0.2194765356635059446785823006828360637369326692682264381448589270434139,0.2413655464037045311151571057870772030828175997691370107093854383508577,0.2469715917586272746842673540452764168879544978011127682733989470001781,-0.006585025731599503060711870725739677615435021117343690389408957231509599,0.001599948837308863430586395301785024920685452803766884093641438333810862,0.00006752462281680952359295528657818695213656426288863934913560117406644206
2,0.01800000000000000000000000000000000000000000000000000000000000095289921,0.3999999999999999999999999999999999999999999999999999999999999844424618,plus,0.007152177745640096821043622810853265027525657411228879752899629114783735,0.01800021444848183107767915051223910156866734182651133118861133483084647,0.1986692371390976329266777455437263696498333773220976561302108230747684,1.103984388135108944847022120082081953685039249711043724985853018990039e-61,18,,,,,,
2,0.01800000000000000000000000000000000000000000000000000000000000095289921,0.3999999999999999999999999999999999999999999999999999999999999844424618,minus,0.007152176901644039193321172751529953954513168811419412478928961341236676,0.01800021219208709479746831662459790881465574589548398777512624732650035,0.1986692385989799858222484415399615132155868839767840779823544181567744,1.793986500178825103390320103657981931334429743307287735886133657668073e-61,18,,,,,,
2,0.01800000000000000000000000000000000000000000000000000000000000095289921,0.3999999999999999999999999999999999999999999999999999999999999844424618,EVEN_DIAGNOSTIC,,,0.1986692378690388093744630935418439414327101306494408670562826303392328,,,-0.2194765356635059446785823006828360637369326692682264381448589270434139,0.2413655464037045311151571057870772030828175997691370107093854383508577,0.2469715917586272746842673540452764168879544978011127682733989470001781,-0.0002868331436352355813626040757246263839849105984605713071743648002402718,0.00007540460185927795207235970684836828731056483906102668820232011140263300,0.00001347299721610708040418807477872930495546982519677247768659407155779860
2,0.01800000000000000000000000000000000000000000000000000000000000095289921,0.7999999999999999999999999999999999999999999999999999999999999688849236,plus,0.01401920195701781079160030043894201555100292722086504604723191264328423,0.01800021444848183107767915051223910156866734182651133118861133483084647,0.3894176371382123811478813645226429404613441028055335092125332404605097,5.344202843303610249958735737244803979534899938070342447575428976960202e-57,18,,,,,,
2,0.01800000000000000000000000000000000000000000000000000000000000095289921,0.7999999999999999999999999999999999999999999999999999999999999688849236,minus,0.01401920058386739617402454424610023132230130945118864006080341274539319,0.01800021219208709479746831662459790881465574589548398777512624732650035,0.3894176478105698675224607200898505238971608881750877675012364551125510,1.781011053993691789497035651706643798835228937770124990335092868547748e-56,18,,,,,,
2,0.01800000000000000000000000000000000000000000000000000000000000095289921,0.7999999999999999999999999999999999999999999999999999999999999688849236,EVEN_DIAGNOSTIC,,,0.3894176424743911243351710423062467321792524954903106383568848672334531,,,-0.2194765356635059446785823006828360637369326692682264381448589270434139,0.2413655464037045311151571057870772030828175997691370107093854383508577,0.2469715917586272746842673540452764168879544978011127682733989470001781,-0.002160160682921510399106878289116826476399078524465293529631258671930018,0.0005505989459973199760748296652220520460043108415748370833302407855644056,0.00006539658253263093515503430826898489334702402816727538822052770654816922
2,0.01800000000000000000000000000000000000000000000000000000000000095289921,1.200000000000000000000000000000000000000000000000000000000000031115076,plus,0.02032729385524987899571722119574434883614122556542756428643221186352419,0.01800021444848183107767915051223910156866734182651133118861133483084647,0.5646403245202536401356273170831543351186307705719567809646208624093161,3.032889535909950030557416247204954160848070357527386798798013828085600e-54,18,,,,,,
2,0.01800000000000000000000000000000000000000000000000000000000000095289921,1.200000000000000000000000000000000000000000000000000000000000031115076,minus,0.02032729242275714860442721243883336763136019957269508397039761050979482,0.01800021219208709479746831662459790881465574589548398777512624732650035,0.5646403555090600492410076549703965845644384241281813918102355229966888,9.637851437348046469437952159087501560758011527859723139388392608663961e-54,18,,,,,,
2,0.01800000000000000000000000000000000000000000000000000000000000095289921,1.200000000000000000000000000000000000000000000000000000000000031115076,EVEN_DIAGNOSTIC,,,0.5646403400146568446883174860267754598415345973500690863874281927030025,,,-0.2194765356635059446785823006828360637369326692682264381448589270434139,0.2413655464037045311151571057870772030828175997691370107093854383508577,0.2469715917586272746842673540452764168879544978011127682733989470001781,-0.006585025731599503060711870725739677615435021117343690389408957231509599,0.001599948837308863430586395301785024920685452803766884093641438333810862,0.00006752222461146689482167314343035106681765916324733271514877579686483129
2,0.02200000000000000000000000000000000000000000000000000000000000089455845,0.3999999999999999999999999999999999999999999999999999999999999844424618,plus,0.008741600139619247057226487604059543861657306602581749729046073428910939,0.02200039198553855983748481453638890849376962400376825292719760157804677,0.1986691906527241033420192978332909804990342006020663713868310252762032,1.549164989565362626964997536989738419621596275648924857417849262733367e-60,18,,,,,,
2,0.02200000000000000000000000000000000000000000000000000000000000089455845,0.3999999999999999999999999999999999999999999999999999999999999844424618,minus,0.008741598256227877072137037404030979566090474223309635429485006222223837,0.02200038695034310976993228388971957100705355260548089673692337173054299,0.1986691933182463045204058458922789813262897183666514317855116802253843,6.572778141712051537276109235148142747940751837831102346735234504875090e-60,18,,,,,,
2,0.02200000000000000000000000000000000000000000000000000000000000089455845,0.3999999999999999999999999999999999999999999999999999999999999844424618,EVEN_DIAGNOSTIC,,,0.1986691919854852039312125718627849809126619594843589015861713527507938,,,-0.2194765356635059446785823006828360637369326692682264381448589270434139,0.2413655464037045311151571057870772030828175997691370107093854383508577,0.2469715917586272746842673540452764168879544978011127682733989470001781,-0.0002868331436352355813626040757246263839849105984605713071743648002402718,0.00007540460185927795207235970684836828731056483906102668820232011140263300,0.00001347251691365256496588473168681752155545639911790301669398202995913756
2,0.02200000000000000000000000000000000000000000000000000000000000089455845,0.7999999999999999999999999999999999999999999999999999999999999688849236,plus,0.01713466592767277704367132563582283719793287377726001061765261215821042,0.02200039198553855983748481453638890849376962400376825292719760157804677,0.3894172871768795446278001950174594129309480187865086150047805042092286,1.421968313166996926596676678569060302344819660083599954625021056604702e-55,18,,,,,,
2,0.02200000000000000000000000000000000000000000000000000000000000089455845,0.7999999999999999999999999999999999999999999999999999999999999688849236,minus,0.01713466286348657831262865332651021093742164905409055945059830702219659,0.02200038695034310976993228388971957100705355260548089673692337173054299,0.3894173066628574127791685961276576346546347265551712585120313489633063,6.111408973501643519186622163627709577656305656134061956557898985029557e-55,18,,,,,,
2,0.02200000000000000000000000000000000000000000000000000000000000089455845,0.7999999999999999999999999999999999999999999999999999999999999688849236,EVEN_DIAGNOSTIC,,,0.3894172969198684787034843955725585237927913726708399367584059265862675,,,-0.2194765356635059446785823006828360637369326692682264381448589270434139,0.2413655464037045311151571057870772030828175997691370107093854383508577,0.2469715917586272746842673540452764168879544978011127682733989470001781,-0.002160160682921510399106878289116826476399078524465293529631258671930018,0.0005505989459973199760748296652220520460043108415748370833302407855644056,0.00006539390488122295958103552009306950992869371868818923314227718828282171
2,0.02200000000000000000000000000000000000000000000000000000000000089455845,1.200000000000000000000000000000000000000000000000000000000000031115076,plus,0.02484457002725261894991841616259385252209563966378878246825458431584266,0.02200039198553855983748481453638890849376962400376825292719760157804677,0.5646392583273882721120463545495133161324009035980706350695274352477332,8.115798516476785374701084881003144081050693611100676055228018541190786e-53,18,,,,,,
2,0.02200000000000000000000000000000000000000000000000000000000000089455845,1.200000000000000000000000000000000000000000000000000000000000031115076,minus,0.02484456683067820429565193455370940808107118848020795106347000080903884,0.02200038695034310976993228388971957100705355260548089673692337173054299,0.5646393149073847940839682407027841244295352988340726924744999902118570,3.291799205720083393405135776650107019941839641182084850144334310153367e-52,18,,,,,,
2,0.02200000000000000000000000000000000000000000000000000000000000089455845,1.200000000000000000000000000000000000000000000000000000000000031115076,EVEN_DIAGNOSTIC,,,0.5646392866173865330980072976261487202809681012160716637720137127297951,,,-0.2194765356635059446785823006828360637369326692682264381448589270434139,0.2413655464037045311151571057870772030828175997691370107093854383508577,0.2469715917586272746842673540452764168879544978011127682733989470001781,-0.006585025731599503060711870725739677615435021117343690389408957231509599,0.001599948837308863430586395301785024920685452803766884093641438333810862,0.00006751834891414899659337654839687421193490421972019557877713312785155705
2,0.02700000000000000000000000000000000000000000000000000000000000021391615,0.3999999999999999999999999999999999999999999999999999999999999844424618,plus,0.01072842075773378807233647857615448501548084415897756413316571308979469,0.02700072562145897471023951548342212344734644370003899596944094393721251,0.1986691192700265221778774033202244492652251422800676198985657304822679,4.239728185321255133085683465721617773206788267751539497190565279442273e-59,18,,,,,,
2,0.02700000000000000000000000000000000000000000000000000000000000021391615,0.3999999999999999999999999999999999999999999999999999999999999844424618,minus,0.01072841648501731675311709420233628380516263513111112654618665778767376,0.02700071419842386294592512181939782837036930719670925175861346294848386,0.1986691241975291210892072161084773115643571535342647484970820833727182,2.487919966509697419252911635533261014890753072685412435666982062608727e-58,18,,,,,,
2,0.02700000000000000000000000000000000000000000000000000000000000021391615,0.3999999999999999999999999999999999999999999999999999999999999844424618,EVEN_DIAGNOSTIC,,,0.1986691217337778216335423097143508804147911479071661841978239069274931,,,-0.2194765356635059446785823006828360637369326692682264381448589270434139,0.2413655464037045311151571057870772030828175997691370107093854383508577,0.2469715917586272746842673540452764168879544978011127682733989470001781,-0.0002868331436352355813626040757246263839849105984605713071743648002402718,0.00007540460185927795207235970684836828731056483906102668820232011140263300,0.00001347178148846383559600104168639462476433282412115558344883479234519576
2,0.02700000000000000000000000000000000000000000000000000000000000021391615,0.7999999999999999999999999999999999999999999999999999999999999688849236,plus,0.02102906962930166426068909582983355327650493522704140439164509684546084,0.02700072562145897471023951548342212344734644370003899596944094393721251,0.3894167498333581058994521341662730208695691762245827545510623047418516,3.923920465194736147454491192363822035767756211958590198712575316329061e-54,18,,,,,,
2,0.02700000000000000000000000000000000000000000000000000000000000021391615,0.7999999999999999999999999999999999999999999999999999999999999688849236,minus,0.02102906267787610263284186432718064240007347630119892326058249652185256,0.02700071419842386294592512181939782837036930719670925175861346294848386,0.3894167858549395534909830008570083646487697616593773385529523773851830,2.317696071418931525560854568912747722581191241842647723411273527876476e-53,18,,,,,,
2,0.02700000000000000000000000000000000000000000000000000000000000021391615,0.7999999999999999999999999999999999999999999999999999999999999688849236,EVEN_DIAGNOSTIC,,,0.3894167678441488296952175675116406927591694689419800465520073605104401,,,-0.2194765356635059446785823006828360637369326692682264381448589270434139,0.2413655464037045311151571057870772030828175997691370107093854383508577,0.2469715917586272746842673540452764168879544978011127682733989470001781,-0.002160160682921510399106878289116826476399078524465293529631258671930018,0.0005505989459973199760748296652220520460043108415748370833302407855644056,0.00006538980499050019273668878503227289480946547916959775008611845131379015
2,0.02700000000000000000000000000000000000000000000000000000000000021391615,1.200000000000000000000000000000000000000000000000000000000000031115076,plus,0.03049125098549568917618517210852641605906596775691896215460604474171124,0.02700072562145897471023951548342212344734644370003899596944094393721251,0.5646376214656727650537999468789933045555238924379407342153345707698208,2.255851889687629488156558948669876781127286990301200248633569047285201e-51,18,,,,,,
2,0.02700000000000000000000000000000000000000000000000000000000000021391615,1.200000000000000000000000000000000000000000000000000000000000031115076,minus,0.03049124373385248970771198788125396825616680808371970918602971594196905,0.02700071419842386294592512181939782837036930719670925175861346294848386,0.5646377260574904087545871269487096444346896023232015052446496447738647,1.241345742108222920670403486296066520149138637878068785947970053584702e-50,18,,,,,,
2,0.02700000000000000000000000000000000000000000000000000000000000021391615,1.200000000000000000000000000000000000000000000000000000000000031115076,EVEN_DIAGNOSTIC,,,0.5646376737615815869041935369138514744951067473805711197299920688779972,,,-0.2194765356635059446785823006828360637369326692682264381448589270434139,0.2413655464037045311151571057870772030828175997691370107093854383508577,0.2469715917586272746842673540452764168879544978011127682733989470001781,-0.006585025731599503060711870725739677615435021117343690389408957231509599,0.001599948837308863430586395301785024920685452803766884093641438333810862,0.00006751241470778225848588517543501846856676898506362335222502503284678565
2,0.03299999999999999999999999999999999999999999999999999999999999891097233,0.3999999999999999999999999999999999999999999999999999999999999844424618,plus,0.01311268222266456723259789588501828243768479990592137045354348069951713,0.03300132707418883292052492682296233429947873907262891430757000854043892,0.1986690140245954754589962624454682338732416961429234195517755913670586,1.059590561233197187109980571519086623697723095915603026462462172806977e-57,18,,,,,,
2,0.03299999999999999999999999999999999999999999999999999999999999891097233,0.3999999999999999999999999999999999999999999999999999999999999844424618,minus,0.01311267268804101521106611830203282048265058476092258678755332858761670,0.03300130158338942278915980728129607649332722581084180039171816467055244,0.1986690230218227135574323261258522984487191325205363410639792716237000,9.052291492141216388995533408480344155794958141476064134446413968530554e-57,18,,,,,,
2,0.03299999999999999999999999999999999999999999999999999999999999891097233,0.3999999999999999999999999999999999999999999999999999999999999844424618,EVEN_DIAGNOSTIC,,,0.1986690185232090945082142942856602661609804143317298803078774412188406,,,-0.2194765356635059446785823006828360637369326692682264381448589270434139,0.2413655464037045311151571057870772030828175997691370107093854383508577,0.2469715917586272746842673540452764168879544978011127682733989470001781,-0.0002868331436352355813626040757246263839849105984605713071743648002402718,0.00007540460185927795207235970684836828731056483906102668820232011140263300,0.00001347070094698015967911628753843038869346931479578899207188902364383780
2,0.03299999999999999999999999999999999999999999999999999999999999891097233,0.7999999999999999999999999999999999999999999999999999999999999688849236,plus,0.02570248677335116035172120293389733033214679712030555389202290391842766,0.03300132707418883292052492682296233429947873907262891430757000854043892,0.3894159576608923864295047078126372891882304922421072812590207042514902,9.753368113900008641678813555909481775735350692261031379739950337993977e-53,18,,,,,,
2,0.03299999999999999999999999999999999999999999999999999999999999891097233,0.7999999999999999999999999999999999999999999999999999999999999688849236,minus,0.02570247126140323931134398878039945995340062512827866754241413110032130,0.03300130158338942278915980728129607649332722581084180039171816467055244,0.3894160234325437812439681652645080148776626881349864681702960322671660,8.437411298721001930082770081096552367816541294359718298556803749559505e-52,18,,,,,,
2,0.03299999999999999999999999999999999999999999999999999999999999891097233,0.7999999999999999999999999999999999999999999999999999999999999688849236,EVEN_DIAGNOSTIC,,,0.3894159905467180838367364365385726520329465901885468747146583682593281,,,-0.2194765356635059446785823006828360637369326692682264381448589270434139,0.2413655464037045311151571057870772030828175997691370107093854383508577,0.2469715917586272746842673540452764168879544978011127682733989470001781,-0.002160160682921510399106878289116826476399078524465293529631258671930018,0.0005505989459973199760748296652220520460043108415748370833302407855644056,0.00006538378123848287768580674269748063075872132001038082109921488916167957
2,0.03299999999999999999999999999999999999999999999999999999999999891097233,1.200000000000000000000000000000000000000000000000000000000000031115076,plus,0.03726742240078040357539894426707825265581348600238636275003085179293089,0.03300132707418883292052492682296233429947873907262891430757000854043892,0.5646352087145033479209324857636560492011362802164303185966904781752368,5.657201926625661280621591656479251178980271077869347976197254425838290e-50,18,,,,,,
2,0.03299999999999999999999999999999999999999999999999999999999999891097233,1.200000000000000000000000000000000000000000000000000000000000031115076,minus,0.03726740621929321289236571692531023412780896848661563414772660451813482,0.03300130158338942278915980728129607649332722581084180039171816467055244,0.5646353996845241506661136984046013627873115839524525272204032967237243,4.489503665444469251332438258049149462442157493103375805096048233133168e-49,18,,,,,,
2,0.03299999999999999999999999999999999999999999999999999999999999891097233,1.200000000000000000000000000000000000000000000000000000000000031115076,EVEN_DIAGNOSTIC,,,0.5646353041995137492935230920841287059942239320844414229085468874494806,,,-0.2194765356635059446785823006828360637369326692682264381448589270434139,0.2413655464037045311151571057870772030828175997691370107093854383508577,0.2469715917586272746842673540452764168879544978011127682733989470001781,-0.006585025731599503060711870725739677615435021117343690389408957231509599,0.001599948837308863430586395301785024920685452803766884093641438333810862,0.00006750369605654012797480903303805970279822299416865122732636359860476145
2,0.03999999999999999999999999999999999999999999999999999999999999941659232,0.3999999999999999999999999999999999999999999999999999999999999844424618,plus,0.01589445002114968572551850983310328852980532717843666691164415871484377,0.04000236800500777380852637842949449235786802891936786404169930340096933,0.1986688640427475225675713966742317617216872285076382708898233047097532,2.221512692699608273972833441469970583651586037975624839791538993247762e-56,18,,,,,,
2,0.03999999999999999999999999999999999999999999999999999999999999941659232,0.3999999999999999999999999999999999999999999999999999999999999844424618,minus,0.01589442943922362706543914746462005063824787799968400081357345745991325,0.04000231297882069074807867657306138324631302060075620871925586660987831,0.1986688800674971765358159284724674619453357661317455990334838707844437,2.941411769110331003745173492819030712299747158160514750731704367363710e-55,18,,,,,,
2,0.03999999999999999999999999999999999999999999999999999999999999941659232,0.3999999999999999999999999999999999999999999999999999999999999844424618,EVEN_DIAGNOSTIC,,,0.1986688720551223495516936625733496118335114973196919349616535877470985,,,-0.2194765356635059446785823006828360637369326692682264381448589270434139,0.2413655464037045311151571057870772030828175997691370107093854383508577,0.2469715917586272746842673540452764168879544978011127682733989470001781,-0.0002868331436352355813626040757246263839849105984605713071743648002402718,0.00007540460185927795207235970684836828731056483906102668820232011140263300,0.00001346916734854939361332307951570510776320309890643583732459137116589468
2,0.03999999999999999999999999999999999999999999999999999999999999941659232,0.7999999999999999999999999999999999999999999999999999999999999688849236,plus,0.03115503058375458307019538131428495873081163425615140966800857841452602,0.04000236800500777380852637842949449235786802891936786404169930340096933,0.3894148288903094475389311386438153459251101675326969392157183191391312,2.031979646136627192168686782066960763249010662896046109363622394739269e-51,18,,,,,,
2,0.03999999999999999999999999999999999999999999999999999999999999941659232,0.7999999999999999999999999999999999999999999999999999999999999688849236,minus,0.03115499709963793433172269421230395071230850005992934921549038266822833,0.04000231297882069074807867657306138324631302060075620871925586660987831,0.3894149460324083443675363475208202740833142714893870496033368390020447,2.744153286799255367221393278749005418490013495452672344056682787316176e-50,18,,,,,,
2,0.03999999999999999999999999999999999999999999999999999999999999941659232,0.7999999999999999999999999999999999999999999999999999999999999688849236,EVEN_DIAGNOSTIC,,,0.3894148874613588959532337430823178100042122195110419944095275790705880,,,-0.2194765356635059446785823006828360637369326692682264381448589270434139,0.2413655464037045311151571057870772030828175997691370107093854383508577,0.2469715917586272746842673540452764168879544978011127682733989470001781,-0.002160160682921510399106878289116826476399078524465293529631258671930018,0.0005505989459973199760748296652220520460043108415748370833302407855644056,0.00006537523203647913581816146607935469279455305950759114678804804924309279
2,0.03999999999999999999999999999999999999999999999999999999999999941659232,1.200000000000000000000000000000000000000000000000000000000000031115076,plus,0.04517321581307433314510562606942185605004964768998738182380325453227404,0.04000236800500777380852637842949449235786802891936786404169930340096933,0.5646317713918740604634888720992545292256529181394887862435305720716901,1.191230466822230452615999017660017230087247477860693652320203428291977e-48,18,,,,,,
2,0.03999999999999999999999999999999999999999999999999999999999999941659232,1.200000000000000000000000000000000000000000000000000000000000031115076,minus,0.04517318088488251819626839141764288877082115725610787331697538311283720,0.04000231297882069074807867657306138324631302060075620871925586660987831,0.5646321115081464714635514857775029301676293782434001126089192715357928,1.449469251063978185949112408637385412447202124641648573302254005585690e-47,18,,,,,,
2,0.03999999999999999999999999999999999999999999999999999999999999941659232,1.200000000000000000000000000000000000000000000000000000000000031115076,EVEN_DIAGNOSTIC,,,0.5646319414500102659635201789383787296966411481914444494262249218037414,,,-0.2194765356635059446785823006828360637369326692682264381448589270434139,0.2413655464037045311151571057870772030828175997691370107093854383508577,0.2469715917586272746842673540452764168879544978011127682733989470001781,-0.006585025731599503060711870725739677615435021117343690389408957231509599,0.001599948837308863430586395301785024920685452803766884093641438333810862,0.00006749132245641845012451989777196344636749283773407731166804877343945806
3,0.01500000000000000000000000000000000000000000000000000000000000038893845,0.3999999999999999999999999999999999999999999999999999999999999844424618,plus,0.005960135757430475288646521223952737863509335964967705801182454706837842,0.01500014631881601436071170082832806313415966023834562069707898832642512,0.1986692539776811449130554144776470132822518359147842921315714839461777,5.485974905645367918356066903406841389264296595868715490690644063931659e-62,18,,,,,,
3,0.01500000000000000000000000000000000000000000000000000000000000038893845,0.3999999999999999999999999999999999999999999999999999999999999844424618,minus,0.005960134779451306159393563170361404350513835864675879216314087974810795,0.01500014370423448151674464317794910700498017231305173085013084847615264,0.1986692560074869007546686796186313492845373456831070063057915710018366,1.256986044756495047357660882794568812375180129303666276119204586821534e-61,18,,,,,,
3,0.01500000000000000000000000000000000000000000000000000000000000038893845,0.3999999999999999999999999999999999999999999999999999999999999844424618,EVEN_DIAGNOSTIC,,,0.1986692549925840228338620470481391812833945907989456492186815371974685,,,-0.2578146999959826283465878235942272089928871705482555088289819626239336,0.5508428510860591040865151173252857822818061179009830476997055726385351,0.5090648336667065640335709961050518709635473032753204016539772570518892,-0.0003369371611943073826196380446364793472678352922867208557659277123854202,0.0001656145677727436757831774328500478575876776973772425526252899925368092,-0.00001416953719740911617083496232000164127725083081950626640944039193642322
3,0.01500000000000000000000000000000000000000000000000000000000000038893845,0.7999999999999999999999999999999999999999999999999999999999999688849236,plus,0.01168264687867945635966222546935559469310175747183286438580404826413753,0.01500014631881601436071170082832806313415966023834562069707898832642512,0.3894177640129041901310034104570713931784268253809229599864193142055899,5.218258339475174663971646193733573188381189762880226827886113303818693e-57,18,,,,,,
3,0.01500000000000000000000000000000000000000000000000000000000000038893845,0.7999999999999999999999999999999999999999999999999999999999999688849236,minus,0.01168264528752186080805433071378837543133375027219410161875898184213849,0.01500014370423448151674464317794910700498017231305173085013084847615264,0.3894177788518084674873767646474287197156706908421841195598212556082164,1.145387514009489887988423808504360396008419403514232702637538092513489e-56,18,,,,,,
3,0.01500000000000000000000000000000000000000000000000000000000000038893845,0.7999999999999999999999999999999999999999999999999999999999999688849236,EVEN_DIAGNOSTIC,,,0.3894177714323563288091900875522500564470487581115535397731202849069031,,,-0.2578146999959826283465878235942272089928871705482555088289819626239336,0.5508428510860591040865151173252857822818061179009830476997055726385351,0.5090648336667065640335709961050518709635473032753204016539772570518892,-0.002537497581355935972658980083685826032053070203597647716228747924583815,0.001198277788563752889106001258291857907265330514333649677621017893847057,-0.0001027878248832688221842555768028485633495229746867249192324356520550833
3,0.01500000000000000000000000000000000000000000000000000000000000038893845,1.200000000000000000000000000000000000000000000000000000000000031115076,plus,0.01693938658260373299872486768572515084038520261428655910171074339616851,0.01500014631881601436071170082832806313415966023834562069707898832642512,0.5646407115827649468711285177191627362094315040545806258042530014704571,3.014429590723430417603832418593471916960519126267584287191867315208539e-54,18,,,,,,
3,0.01500000000000000000000000000000000000000000000000000000000000038893845,1.200000000000000000000000000000000000000000000000000000000000031115076,minus,0.01693938492264879113243744174867548028494257805007260245987804155406872,0.01500014370423448151674464317794910700498017231305173085013084847615264,0.5646407546704659054010186876310741027570223715779134838412731710034874,6.097032330050610602206258211970327998792613328939759600453153869514324e-54,18,,,,,,
3,0.01500000000000000000000000000000000000000000000000000000000000038893845,1.200000000000000000000000000000000000000000000000000000000000031115076,EVEN_DIAGNOSTIC,,,0.5646407331266154261360736026751184194832269378162470548227630862369722,,,-0.2578146999959826283465878235942272089928871705482555088289819626239336,0.5508428510860591040865151173252857822818061179009830476997055726385351,0.5090648336667065640335709961050518709635473032753204016539772570518892,-0.007735298118888817067809139240371150543864501679092905670276165335907240,0.003430324894154360110668124065160694594300616964952249857895803647808365,-0.0002966340825078983623975784075888286635416536348678343096945717282584811
3,0.01800000000000000000000000000000000000000000000000000000000000095289921,0.3999999999999999999999999999999999999999999999999999999999999844424618,plus,0.007152192555402131422496228881760825146966653602102266948601547633983388,0.01800025328363059912271667367987964273238423152213801524156184553133775,0.1986692198910979665837617717614277175872310942792763888413674535179543,1.109220882573540475802301453638549212651359584680489297718499643078662e-60,18,,,,,,
3,0.01800000000000000000000000000000000000000000000000000000000000095289921,0.3999999999999999999999999999999999999999999999999999999999999844424618,minus,0.007152190527506210574733898271422408589875375166083283181051922739660810,0.01800024786214496695228102142080683701394569478881757923395461171501363,0.1986692233985141562790569727831749113223157644958392618208405242283744,3.026785571870004875525123041853801079180741585702537856489069533956985e-60,18,,,,,,
3,0.01800000000000000000000000000000000000000000000000000000000000095289921,0.3999999999999999999999999999999999999999999999999999999999999844424618,EVEN_DIAGNOSTIC,,,0.1986692216448060614314093722723013144547734293875578253311039888731643,,,-0.2578146999959826283465878235942272089928871705482555088289819626239336,0.5508428510860591040865151173252857822818061179009830476997055726385351,0.5090648336667065640335709961050518709635473032753204016539772570518892,-0.0003369371611943073826196380446364793472678352922867208557659277123854202,0.0001656145677727436757831774328500478575876776973772425526252899925368092,-0.00001416957982007270023882845742193371821059739016598602198281879023800437
3,0.01800000000000000000000000000000000000000000000000000000000000095289921,0.7999999999999999999999999999999999999999999999999999999999999688849236,plus,0.01401922753489069802066819208518095315765643411207936319030867109768598,0.01800025328363059912271667367987964273238423152213801524156184553133775,0.3894175074647355267304390683105113904117871910431935652536435622757097,1.065999835067518195534802186757989919790950872220253417483542675342027e-55,18,,,,,,
3,0.01800000000000000000000000000000000000000000000000000000000000095289921,0.7999999999999999999999999999999999999999999999999999999999999688849236,minus,0.01401922423553552294701140242305319966255250339570792716081011693677141,0.01800024786214496695228102142080683701394569478881757923395461171501363,0.3894175331057065641070100264978870565712232167512278176675187724737867,2.738655339502703747673406280258925937828691904261644627064473064216038e-55,18,,,,,,
3,0.01800000000000000000000000000000000000000000000000000000000000095289921,0.7999999999999999999999999999999999999999999999999999999999999688849236,EVEN_DIAGNOSTIC,,,0.3894175202852210454187245474041992234915052038972106914605811673747482,,,-0.2578146999959826283465878235942272089928871705482555088289819626239336,0.5508428510860591040865151173252857822818061179009830476997055726385351,0.5090648336667065640335709961050518709635473032753204016539772570518892,-0.002537497581355935972658980083685826032053070203597647716228747924583815,0.001198277788563752889106001258291857907265330514333649677621017893847057,-0.0001027882387400238440895539311592804130530861521124137746024275467807304
3,0.01800000000000000000000000000000000000000000000000000000000000095289921,1.200000000000000000000000000000000000000000000000000000000000031115076,plus,0.02032732351860564579109816503695431909392747912738349265325132222519585,0.01800025328363059912271667367987964273238423152213801524156184553133775,0.5646399302917387426884635513734212576976556766879940185539520662353305,6.214041208191543605808233566538416454612743597008695685431985895818490e-53,18,,,,,,
3,0.01800000000000000000000000000000000000000000000000000000000000095289921,1.200000000000000000000000000000000000000000000000000000000000031115076,minus,0.02032732007659745637376172649085239920161366449350054594979731888075333,0.01800024786214496695228102142080683701394569478881757923395461171501363,0.5646400047453343254555785880581123364312430142826666912386522027414169,1.447158202541779303361302133352248027907493786555368087468189259081039e-52,18,,,,,,
3,0.01800000000000000000000000000000000000000000000000000000000000095289921,1.200000000000000000000000000000000000000000000000000000000000031115076,EVEN_DIAGNOSTIC,,,0.5646399675185365340720210697157667970644493454853303548963020955945282,,,-0.2578146999959826283465878235942272089928871705482555088289819626239336,0.5508428510860591040865151173252857822818061179009830476997055726385351,0.5090648336667065640335709961050518709635473032753204016539772570518892,-0.007735298118888817067809139240371150543864501679092905670276165335907240,0.003430324894154360110668124065160694594300616964952249857895803647808365,-0.0002966357313921241749502078126853198890774252031867058608876951520021619
3,0.02200000000000000000000000000000000000000000000000000000000000089455845,0.3999999999999999999999999999999999999999999999999999999999999844424618,plus,0.008741627415176439524438256602389350275489092370148923258110985904465584,0.02200046352129904301027504442563613753564808897017009707109289035510791,0.1986691645544993486867872732881878792229723990483846964990537908967852,2.984269615135100129700490744598145371454324205035824942822939698045313e-59,18,,,,,,
3,0.02200000000000000000000000000000000000000000000000000000000000089455845,0.3999999999999999999999999999999999999999999999999999999999999844424618,minus,0.008741622890037303157473552125527034644311526062089906181039501751932735,0.02200045142354666150639804310366333236309854128581142575624051226111207,0.1986691709580402454120135817536591314666656912566123959992862486279037,1.018549786110057338624377360886509715115827591583729180182228222374979e-58,18,,,,,,
3,0.02200000000000000000000000000000000000000000000000000000000000089455845,0.3999999999999999999999999999999999999999999999999999999999999844424618,EVEN_DIAGNOSTIC,,,0.1986691677562697970494004275209235053448190451524985462491700294858058,,,-0.2578146999959826283465878235942272089928871705482555088289819626239336,0.5508428510860591040865151173252857822818061179009830476997055726385351,0.5090648336667065640335709961050518709635473032753204016539772570518892,-0.0003369371611943073826196380446364793472678352922867208557659277123854202,0.0001656145677727436757831774328500478575876776973772425526252899925368092,-0.00001416964871353398673413658124474759199317756641507613278973655634346419
3,0.02200000000000000000000000000000000000000000000000000000000000089455845,0.7999999999999999999999999999999999999999999999999999999999999688849236,plus,0.01713471301172702593229671153213290307056143276405990035922318385280428,0.02200046352129904301027504442563613753564808897017009707109289035510791,0.3894170910339821520250869959342187452001858338108728472200791528245499,2.890723022748612409163699130387276706678425344645957982834870081310444e-54,18,,,,,,
3,0.02200000000000000000000000000000000000000000000000000000000000089455845,0.7999999999999999999999999999999999999999999999999999999999999688849236,minus,0.01713470564940094429127968687122848358387960480243772213901781725023312,0.02200045142354666150639804310366333236309854128581142575624051226111207,0.3894171378470442936441360946084302938483615504259177488673483991119131,9.161866335834026481044702342366730855996449865432501374231577967522445e-54,18,,,,,,
3,0.02200000000000000000000000000000000000000000000000000000000000089455845,0.7999999999999999999999999999999999999999999999999999999999999688849236,EVEN_DIAGNOSTIC,,,0.3894171144405132228346115452713245195242736921183952980437137565213087,,,-0.2578146999959826283465878235942272089928871705482555088289819626239336,0.5508428510860591040865151173252857822818061179009830476997055726385351,0.5090648336667065640335709961050518709635473032753204016539772570518892,-0.002537497581355935972658980083685826032053070203597647716228747924583815,0.001198277788563752889106001258291857907265330514333649677621017893847057,-0.0001027889076351781743938669361057455466915969198914656620587542767661988
3,0.02200000000000000000000000000000000000000000000000000000000000089455845,1.200000000000000000000000000000000000000000000000000000000000031115076,plus,0.02484462458744399489478387668169864822067096836741864408167610305987996,0.02200046352129904301027504442563613753564808897017009707109289035510791,0.5646386623488970717711747875927389456809569367716036259457418098499684,1.706042389876722097124446480683415089886813692010283376991602710995000e-51,18,,,,,,
3,0.02200000000000000000000000000000000000000000000000000000000000089455845,1.200000000000000000000000000000000000000000000000000000000000031115076,minus,0.02484461690680353365774061361512078160938424733711235683693489402212936,0.02200045142354666150639804310366333236309854128581142575624051226111207,0.5646387982796756694001023143105256092251525653525074011668394848358058,4.795229127543898789848317972229773145141021931273487003178162536974852e-51,18,,,,,,
3,0.02200000000000000000000000000000000000000000000000000000000000089455845,1.200000000000000000000000000000000000000000000000000000000000031115076,EVEN_DIAGNOSTIC,,,0.5646387303142863705856385509516322774530547510620555135562906473428871,,,-0.2578146999959826283465878235942272089928871705482555088289819626239336,0.5508428510860591040865151173252857822818061179009830476997055726385351,0.5090648336667065640335709961050518709635473032753204016539772570518892,-0.007735298118888817067809139240371150543864501679092905670276165335907240,0.003430324894154360110668124065160694594300616964952249857895803647808365,-0.0002966383960764084639316772419720552574193769249010604892556152230493466
3,0.02700000000000000000000000000000000000000000000000000000000000021391615,0.3999999999999999999999999999999999999999999999999999999999999844424618,plus,0.01072847172027739233965893812583794300389167675862366120259898649316041,0.02700085930845773698883705017883455310057990704335665869825000079712128,0.1986690793377233497519319229822533427410439332190104391069495990709954,8.343044265544996279267952104932460766432032382764794548058114476143116e-58,18,,,,,,
3,0.02700000000000000000000000000000000000000000000000000000000000021391615,0.3999999999999999999999999999999999999999999999999999999999999844424618,minus,0.01072846145491751750034362694534347546047243284913936501425962856803667,0.02700083186447783535278789584398635773092840186827345444587470797179504,0.1986690911740358235839358367845702696091553488345470007642199223688492,3.766638645634215282736797044162394741570821727810696104422608219824729e-57,18,,,,,,
3,0.02700000000000000000000000000000000000000000000000000000000000021391615,0.3999999999999999999999999999999999999999999999999999999999999844424618,EVEN_DIAGNOSTIC,,,0.1986690852558795866679338798834118061750996410267787199355847509964609,,,-0.2578146999959826283465878235942272089928871705482555088289819626239336,0.5508428510860591040865151173252857822818061179009830476997055726385351,0.5090648336667065640335709961050518709635473032753204016539772570518892,-0.0003369371611943073826196380446364793472678352922867208557659277123854202,0.0001656145677727436757831774328500478575876776973772425526252899925368092,-0.00001416975422662615226579380246772066242379401665186271319897328872189519
3,0.02700000000000000000000000000000000000000000000000000000000000021391615,0.7999999999999999999999999999999999999999999999999999999999999688849236,plus,0.02102915754933189673749860135842416324336377489833815130618572208542222,0.02700085930845773698883705017883455310057990704335665869825000079712128,0.3894164498450746142302591508942476941257343174179909386272040679758717,8.162132952763108314858274402375939775081473205047136208209781733703602e-53,18,,,,,,
3,0.02700000000000000000000000000000000000000000000000000000000000021391615,0.7999999999999999999999999999999999999999999999999999999999999688849236,minus,0.02102914084777963685219994270605423539920503794572304310772533222323292,0.02700083186447783535278789584398635773092840186827345444587470797179504,0.3894165363743009987605216236437639788751203841891245550880794857559426,3.364290236895462628222119751220922176562418606516567967207546611736542e-52,18,,,,,,
3,0.02700000000000000000000000000000000000000000000000000000000000021391615,0.7999999999999999999999999999999999999999999999999999999999999688849236,EVEN_DIAGNOSTIC,,,0.3894164931096878064953903872690058365004273508035577468576417574189844,,,-0.2578146999959826283465878235942272089928871705482555088289819626239336,0.5508428510860591040865151173252857822818061179009830476997055726385351,0.5090648336667065640335709961050518709635473032753204016539772570518892,-0.002537497581355935972658980083685826032053070203597647716228747924583815,0.001198277788563752889106001258291857907265330514333649677621017893847057,-0.0001027899319664021940791981018296738746237023127891219248478240650914485
3,0.02700000000000000000000000000000000000000000000000000000000000021391615,1.200000000000000000000000000000000000000000000000000000000000031115076,plus,0.03049135276436825148560119454684328669762630914260744754691986340140871,0.02700085930845773698883705017883455310057990704335665869825000079712128,0.5646367105586368116311592834854977420458288347850009913810871675163103,4.894243793100346399400339472204228967385894548782737482512285619715115e-50,18,,,,,,
3,0.02700000000000000000000000000000000000000000000000000000000000021391615,1.200000000000000000000000000000000000000000000000000000000000031115076,minus,0.03049133534074198351829313209895761925223784453112436711102809510050827,0.02700083186447783535278789584398635773092840186827345444587470797179504,0.5646369618125772962778435789422411597025477446913966359531926166776921,1.740523792767107003429988273539708228151756710209417031396665902265694e-49,18,,,,,,
3,0.02700000000000000000000000000000000000000000000000000000000000021391615,1.200000000000000000000000000000000000000000000000000000000000031115076,EVEN_DIAGNOSTIC,,,0.5646368361856070539545014312138694508741882897381988136671398920970012,,,-0.2578146999959826283465878235942272089928871705482555088289819626239336,0.5508428510860591040865151173252857822818061179009830476997055726385351,0.5090648336667065640335709961050518709635473032753204016539772570518892,-0.007735298118888817067809139240371150543864501679092905670276165335907240,0.003430324894154360110668124065160694594300616964952249857895803647808365,-0.0002966424759452336447305113489183942564872429864725328244479105064259362
3,0.03299999999999999999999999999999999999999999999999999999999999891097233,0.3999999999999999999999999999999999999999999999999999999999999844424618,plus,0.01311277645370040818895882442798751421769212113099177195984484548667120,0.03300157432341807945097740467546998980128221648026460474919865952050099,0.1986689532625647729337007321760278595801454669587228979979875554988168,2.103004754710867199522910783152658947719083005196777504555803618026132e-56,18,,,,,,
3,0.03299999999999999999999999999999999999999999999999999999999999891097233,0.3999999999999999999999999999999999999999999999999999999999999844424618,minus,0.01311275354806086595409706538837942723187649849009000764566986986583145,0.03300151308618355856379159407607829703986661600775457440370821069603897,0.1986689748711955644708898406621038999028831462273231282966168352493517,1.328955329258113538586319782060724846012466647722202536393145339116451e-55,18,,,,,,
3,0.03299999999999999999999999999999999999999999999999999999999999891097233,0.3999999999999999999999999999999999999999999999999999999999999844424618,EVEN_DIAGNOSTIC,,,0.1986689640668801687022952864190658797415143065930230131473022050975456,,,-0.2578146999959826283465878235942272089928871705482555088289819626239336,0.5508428510860591040865151173252857822818061179009830476997055726385351,0.5090648336667065640335709961050518709635473032753204016539772570518892,-0.0003369371611943073826196380446364793472678352922867208557659277123854202,0.0001656145677727436757831774328500478575876776973772425526252899925368092,-0.00001416990931009349869119815982432127419291275616508519250493885743701825
3,0.03299999999999999999999999999999999999999999999999999999999999891097233,0.7999999999999999999999999999999999999999999999999999999999999688849236,plus,0.02570264922494741957326737867132736923815397241165865212593605951113855,0.03300157432341807945097740467546998980128221648026460474919865952050099,0.3894155014100144499825199971913564645999826610725410583334198784212612,2.082992128376016925176064757477563896053027320084373394188521089937076e-51,18,,,,,,
3,0.03299999999999999999999999999999999999999999999999999999999999891097233,0.7999999999999999999999999999999999999999999999999999999999999688849236,minus,0.02570261195794908859805143455509757272635079524493771807143055690338256,0.03300151308618355856379159407607829703986661600775457440370821069603897,0.3894156593794144230066795721338259409802170747764373121686146044437419,1.177390667859838113456409826657255516657340998166962233474232465394540e-50,18,,,,,,
3,0.03299999999999999999999999999999999999999999999999999999999999891097233,0.7999999999999999999999999999999999999999999999999999999999999688849236,EVEN_DIAGNOSTIC,,,0.3894155803947144364945997846625912027900998679244891852510172414325016,,,-0.2578146999959826283465878235942272089928871705482555088289819626239336,0.5508428510860591040865151173252857822818061179009830476997055726385351,0.5090648336667065640335709961050518709635473032753204016539772570518892,-0.002537497581355935972658980083685826032053070203597647716228747924583815,0.001198277788563752889106001258291857907265330514333649677621017893847057,-0.0001027914372935845575594342697552655818334282788123157988452048654523760
3,0.03299999999999999999999999999999999999999999999999999999999999891097233,1.200000000000000000000000000000000000000000000000000000000000031115076,plus,0.03726761024136349493712832782554336189056327879168968248440956690078624,0.03300157432341807945097740467546998980128221648026460474919865952050099,0.5646338243766482288271500194922962930632030825664204967933868696740778,1.273899280156381007564754214481629165467944423634227451648854835528250e-48,18,,,,,,
3,0.03299999999999999999999999999999999999999999999999999999999999891097233,1.200000000000000000000000000000000000000000000000000000000000031115076,minus,0.03726757136325472267444363470968998572171175188710243094668702482080911,0.03300151308618355856379159407607829703986661600775457440370821069603897,0.5646342830695419793381432428064926294412879575952047738964034110529046,6.010063248316709468993350421738819525396507605789761813551345869105590e-48,18,,,,,,
3,0.03299999999999999999999999999999999999999999999999999999999999891097233,1.200000000000000000000000000000000000000000000000000000000000031115076,EVEN_DIAGNOSTIC,,,0.5646340537230951040826466311493944612522455200808126353448951403634912,,,-0.2578146999959826283465878235942272089928871705482555088289819626239336,0.5508428510860591040865151173252857822818061179009830476997055726385351,0.5090648336667065640335709961050518709635473032753204016539772570518892,-0.007735298118888817067809139240371150543864501679092905670276165335907240,0.003430324894154360110668124065160694594300616964952249857895803647808365,-0.0002966484699125102035597145763484207935416284399020571935166877276433934
3,0.03999999999999999999999999999999999999999999999999999999999999941659232,0.3999999999999999999999999999999999999999999999999999999999999844424618,plus,0.01589462028214303680210513675157937455254145357009670442558620254073480,0.04000281486534880322516274945624773625382998282376664805140792575626848,0.1986687728806711835460398042177756985451515356938584915708408300470503,4.443612462065180191036808679656374729485144553267650517166134941696890e-55,18,,,,,,
3,0.03999999999999999999999999999999999999999999999999999999999999941659232,0.3999999999999999999999999999999999999999999999999999999999999844424618,minus,0.01589457084190480130304464191301791336207631538379109000724292350483026,0.04000268268891387300764132658996076014351129772980444957151461340578498,0.1986688113583659308844832776162529908299618782156830211098025627327881,4.161257869841405173756220480789461502334631690657957522927431598361237e-54,18,,,,,,
3,0.03999999999999999999999999999999999999999999999999999999999999941659232,0.3999999999999999999999999999999999999999999999999999999999999844424618,EVEN_DIAGNOSTIC,,,0.1986687921195185572152615409170143446875567069547707563403216866664579,,,-0.2578146999959826283465878235942272089928871705482555088289819626239336,0.5508428510860591040865151173252857822818061179009830476997055726385351,0.5090648336667065640335709961050518709635473032753204016539772570518892,-0.0003369371611943073826196380446364793472678352922867208557659277123854202,0.0001656145677727436757831774328500478575876776973772425526252899925368092,-0.00001417012953191034800737680952561266440964213340966951003613661101237403
3,0.03999999999999999999999999999999999999999999999999999999999999941659232,0.7999999999999999999999999999999999999999999999999999999999999688849236,plus,0.03115532387555263509717475288782123544453035534357057928135510537180669,0.04000281486534880322516274945624773625382998282376664805140792575626848,0.3894141447348492394393873192002081939975062882693988534188176238699284,4.468130197185615290060604723105492127501604562474060941142500897012261e-50,18,,,,,,
3,0.03999999999999999999999999999999999999999999999999999999999999941659232,0.7999999999999999999999999999999999999999999999999999999999999688849236,minus,0.03115524343748972425334541064828780806380194099497233457174397755526760,0.04000268268891387300764132658996076014351129772980444957151461340578498,0.3894144260245315973830206372671445292612650364211057466734735365846544,3.653512974532692013959873537809281548162173879405700034373244359803754e-49,18,,,,,,
3,0.03999999999999999999999999999999999999999999999999999999999999941659232,0.7999999999999999999999999999999999999999999999999999999999999688849236,EVEN_DIAGNOSTIC,,,0.3894142853796904184112039782336763616293856623452523000461455607803687,,,-0.2578146999959826283465878235942272089928871705482555088289819626239336,0.5508428510860591040865151173252857822818061179009830476997055726385351,0.5090648336667065640335709961050518709635473032753204016539772570518892,-0.002537497581355935972658980083685826032053070203597647716228747924583815,0.001198277788563752889106001258291857907265330514333649677621017893847057,-0.0001027935744040332776509342942332711878972059393312036999162230117165151
3,0.03999999999999999999999999999999999999999999999999999999999999941659232,1.200000000000000000000000000000000000000000000000000000000000031115076,plus,0.04517355449809420860783868163853202952262021294940569412345359162125412,0.04000281486534880322516274945624773625382998282376664805140792575626848,0.5646296973119308924030707036795885498469718113436418727370503302894171,2.798821984433741594370479430196278732275236316056131837072162822079644e-47,18,,,,,,
3,0.03999999999999999999999999999999999999999999999999999999999999941659232,1.200000000000000000000000000000000000000000000000000000000000031115076,minus,0.04517347058284055020611150358352481075798828393822374368885970631663457,0.04000268268891387300764132658996076014351129772980444957151461340578498,0.5646305140849926219063988583820369030971783500943367368742506781869994,1.837226840508269096602696565160583969410674805027355821634814468508112e-46,18,,,,,,
3,0.03999999999999999999999999999999999999999999999999999999999999941659232,1.200000000000000000000000000000000000000000000000000000000000031115076,EVEN_DIAGNOSTIC,,,0.5646301056984617571547347810308127264720750807189893048056505042382082,,,-0.2578146999959826283465878235942272089928871705482555088289819626239336,0.5508428510860591040865151173252857822818061179009830476997055726385351,0.5090648336667065640335709961050518709635473032753204016539772570518892,-0.007735298118888817067809139240371150543864501679092905670276165335907240,0.003430324894154360110668124065160694594300616964952249857895803647808365,-0.0002966569760898567664692855489064898637830439080328627575088580969270076
4,0.01500000000000000000000000000000000000000000000000000000000000038893845,0.3999999999999999999999999999999999999999999999999999999999999844424618,plus,0.005960013659949093508331893257272868289461730912298303309202387568968095,0.01499982638242961243201814589092234628202741477353560871963607676471711,0.1986694214984545079668747774960282939085641195215434312803666443425623,0.0,18,,,,,,
4,0.01500000000000000000000000000000000000000000000000000000000000038893845,0.3999999999999999999999999999999999999999999999999999999999999844424618,minus,0.005960013490679541440121911407229027083919776250507089361078634390428308,0.01499982592989759976884165842836440572254380828293843884539583975647600,0.1986694218497583934817345602951845503744701785944411166829559603199445,0.0,18,,,,,,
4,0.01500000000000000000000000000000000000000000000000000000000000038893845,0.3999999999999999999999999999999999999999999999999999999999999844424618,EVEN_DIAGNOSTIC,,,0.1986694216741064507243046688956064221415171490579922739816613023312534,,,0.3090555330634250835941654584630914378821153854150423006517910700886352,-0.5927116856203773343988087344902448037007324452384539783546620629109901,0.03705638547028458049734408578360627118531953495437053167836746270128276,0.0004039036329713025801937826918810655469177074036112827681586565657342505,0.00001437734121792650364586220888364786313029453408147305227400366427904729,-0.000003176063300395804512552487006642510845834291980499838755565328334988258
4,0.01500000000000000000000000000000000000000000000000000000000000038893845,0.7999999999999999999999999999999999999999999999999999999999999688849236,plus,0.01168243554327120103545134417437308848373263844097303683102401351493648,0.01499982638242961243201814589092234628202741477353560871963607676471711,0.3894190254413773562790338790580697803473859026253242703463816131105239,1.289911144474553045404689318508934280819180404207999840900578809694388e-62,18,,,,,,
4,0.01500000000000000000000000000000000000000000000000000000000000038893845,0.7999999999999999999999999999999999999999999999999999999999999688849236,minus,0.01168243526786832590691693902190038476609793995027494424646675143422641,0.01499982592989759976884165842836440572254380828293843884539583975647600,0.3894190280096163457240940739299341748767762590981976150527666576607342,2.791338608735186515449119108279543510082866552160910649593492892265538e-62,18,,,,,,
4,0.01500000000000000000000000000000000000000000000000000000000000038893845,0.7999999999999999999999999999999999999999999999999999999999999688849236,EVEN_DIAGNOSTIC,,,0.3894190267254968510015639764940019776120810808617609426995741353856290,,,0.3090555330634250835941654584630914378821153854150423006517910700886352,-0.5927116856203773343988087344902448037007324452384539783546620629109901,0.03705638547028458049734408578360627118531953495437053167836746270128276,0.003041826814628222517106913990944902891822606223622397384686479589751702,0.0001148295522278867579626646792310517651150049709952644638468261589502279,-0.00001563534493467032855080122484571983937616349600175374969051658641515160
4,0.01500000000000000000000000000000000000000000000000000000000000038893845,1.200000000000000000000000000000000000000000000000000000000000031115076,plus,0.01693914061681408805683503122252979820951671196834663345631235080875913,0.01499982638242961243201814589092234628202741477353560871963607676471711,0.5646445560415331017576511509175989885918978105424445134483046891169042,1.236077384621951173337579317932618354304743391467099221384845621511072e-59,18,,,,,,
4,0.01500000000000000000000000000000000000000000000000000000000000038893845,1.200000000000000000000000000000000000000000000000000000000000031115076,minus,0.01693914032949759016413754472455908795775936881649937982613888556655585,0.01499982592989759976884165842836440572254380828293843884539583975647600,0.5646445634990522063940628799080530217552326827685724160056917368755612,1.558379523803920123532000094068700197234170100970534016771800284271911e-59,18,,,,,,
4,0.01500000000000000000000000000000000000000000000000000000000000038893845,1.200000000000000000000000000000000000000000000000000000000000031115076,EVEN_DIAGNOSTIC,,,0.5646445597702926540758570154128260051735652466555084647269982129962327,,,0.3090555330634250835941654584630914378821153854150423006517910700886352,-0.5927116856203773343988087344902448037007324452384539783546620629109901,0.03705638547028458049734408578360627118531953495437053167836746270128276,0.009272693463851923541675566974845147427350832809113775316792134429977595,0.0003798148603267336516455179807294548824273817788687565420943901554577259,-0.00001730475072249002627949466536258536397778453287514260540039981443598646
4,0.01800000000000000000000000000000000000000000000000000000000000095289921,0.3999999999999999999999999999999999999999999999999999999999999844424618,plus,0.007151981433808789743227274806123232324748905758163442935612833166592805,0.01799970006695456005670844751566231038846441443971066287080545176559260,0.1986694613578319910718932629179129334780550191645950636606072449008598,0.0,18,,,,,,
4,0.01800000000000000000000000000000000000000000000000000000000000095289921,0.3999999999999999999999999999999999999999999999999999999999999844424618,minus,0.007151981082815270426780765420111923136403891356402721991925365565909244,0.01799969912859627972514790197491267668711690995253141506485867092543030,0.1986694619648629407476334051257053485699445203271083553489154604971857,0.0,18,,,,,,
4,0.01800000000000000000000000000000000000000000000000000000000000095289921,0.3999999999999999999999999999999999999999999999999999999999999844424618,EVEN_DIAGNOSTIC,,,0.1986694616613474659097633340218091410239997697458517095047613526990227,,,0.3090555330634250835941654584630914378821153854150423006517910700886352,-0.5927116856203773343988087344902448037007324452384539783546620629109901,0.03705638547028458049734408578360627118531953495437053167836746270128276,0.0004039036329713025801937826918810655469177074036112827681586565657342505,0.00001437734121792650364586220888364786313029453408147305227400366427904729,-0.000003176016314855767761909694996105268454763410597013131180515263613843806
4,0.01800000000000000000000000000000000000000000000000000000000000095289921,0.7999999999999999999999999999999999999999999999999999999999999688849236,plus,0.01401886212408475857276614993790682966420992725375669174078630042481653,0.01799970006695456005670844751566231038846441443971066287080545176559260,0.3894193256537042094956711423859973718775353304444457218014969479763677,4.843593999772724318085776758665838255753172325331454681466688828780921e-61,18,,,,,,
4,0.01800000000000000000000000000000000000000000000000000000000000095289921,0.7999999999999999999999999999999999999999999999999999999999999688849236,minus,0.01401886155301232934055440986393176278793572617002919300810169160967090,0.01799969912859627972514790197491267668711690995253141506485867092543030,0.3894193300914802835010463601393178772989475185106388595375907174038300,6.535283260775860912311847181714968419355747222100841272854899770602470e-61,18,,,,,,
4,0.01800000000000000000000000000000000000000000000000000000000000095289921,0.7999999999999999999999999999999999999999999999999999999999999688849236,EVEN_DIAGNOSTIC,,,0.3894193278725922464983587512626576245882414244775422906695438326900988,,,0.3090555330634250835941654584630914378821153854150423006517910700886352,-0.5927116856203773343988087344902448037007324452384539783546620629109901,0.03705638547028458049734408578360627118531953495437053167836746270128276,0.003041826814628222517106913990944902891822606223622397384686479589751702,0.0001148295522278867579626646792310517651150049709952644638468261589502279,-0.00001563516467457338483345047694027845829252266057787070579401699678895957
4,0.01800000000000000000000000000000000000000000000000000000000000095289921,1.200000000000000000000000000000000000000000000000000000000000031115076,plus,0.02032689825672864694350100644092024300410172827732728328131963662898550,0.01799970006695456005670844751566231038846441443971066287080545176559260,0.5646454713444520936387793559394646681902042651538066717968099301694677,2.686921604998087917360628560484840179464767765422099688394486800518598e-58,18,,,,,,
4,0.01800000000000000000000000000000000000000000000000000000000000095289921,1.200000000000000000000000000000000000000000000000000000000000031115076,minus,0.02032689766094720710705579611241245133683933958913853584140879173709091,0.01799969912859627972514790197491267668711690995253141506485867092543030,0.5646454842307249092249825404159196821782618333606044110096612144610972,3.514431799175267298883859073802609691884620900584544047709394635790612e-58,18,,,,,,
4,0.01800000000000000000000000000000000000000000000000000000000000095289921,1.200000000000000000000000000000000000000000000000000000000000031115076,EVEN_DIAGNOSTIC,,,0.5646454777875885014318809481776921751842330492572055414032356112091279,,,0.3090555330634250835941654584630914378821153854150423006517910700886352,-0.5927116856203773343988087344902448037007324452384539783546620629109901,0.03705638547028458049734408578360627118531953495437053167836746270128276,0.009272693463851923541675566974845147427350832809113775316792134429977595,0.0003798148603267336516455179807294548824273817788687565420943901554577259,-0.00001730465938340814777290948327145982789046969582265332353932131498377249
4,0.02200000000000000000000000000000000000000000000000000000000000089455845,0.3999999999999999999999999999999999999999999999999999999999999844424618,plus,0.008741241619243384934586148483210219504381992920146596060298658192051319,0.02199945257573585854742610701569102552999625900737212036148683471158049,0.1986695257336647522770855178559030746568063002002567884483223188788701,0.0,18,,,,,,
4,0.02200000000000000000000000000000000000000000000000000000000000089455845,0.3999999999999999999999999999999999999999999999999999999999999844424618,minus,0.008741240836008262795837415460195540546865920373275894568940079573505256,0.02199945048181461986226469449394560824640449910135451200251917976429629,0.1986695268419096315756996876024500844618198278060298344729833255755991,0.0,18,,,,,,
4,0.02200000000000000000000000000000000000000000000000000000000000089455845,0.3999999999999999999999999999999999999999999999999999999999999844424618,EVEN_DIAGNOSTIC,,,0.1986695262877871919263926027291765795593130640031433114606528222272346,,,0.3090555330634250835941654584630914378821153854150423006517910700886352,-0.5927116856203773343988087344902448037007324452384539783546620629109901,0.03705638547028458049734408578360627118531953495437053167836746270128276,0.0004039036329713025801937826918810655469177074036112827681586565657342505,0.00001437734121792650364586220888364786313029453408147305227400366427904729,-0.000003175940380309530877172473758555421741376341194482217727983577661686066
4,0.02200000000000000000000000000000000000000000000000000000000000089455845,0.7999999999999999999999999999999999999999999999999999999999999688849236,plus,0.01713404530755695543171837861001511871383585026759202009140361071389069,0.02199945257573585854742610701569102552999625900737212036148683471158049,0.3894198105287135682168027912214994164544396828372702245844268038726365,1.381175558720227925876105556774915102056167085991453154986761019249237e-59,18,,,,,,
4,0.02200000000000000000000000000000000000000000000000000000000000089455845,0.7999999999999999999999999999999999999999999999999999999999999688849236,minus,0.01713404403320836588150539246958381918408477561428335962419312604586604,0.02199945048181461986226469449394560824640449910135451200251917976429629,0.3894198186307394530477309221279979217538714361666207667306495388894644,2.056253661758968771955934666745811365703513344317735168989746959759543e-59,18,,,,,,
4,0.02200000000000000000000000000000000000000000000000000000000000089455845,0.7999999999999999999999999999999999999999999999999999999999999688849236,EVEN_DIAGNOSTIC,,,0.3894198145797265106322668566747486691041555595019454956575381519341277,,,0.3090555330634250835941654584630914378821153854150423006517910700886352,-0.5927116856203773343988087344902448037007324452384539783546620629109901,0.03705638547028458049734408578360627118531953495437053167836746270128276,0.003041826814628222517106913990944902891822606223622397384686479589751702,0.0001148295522278867579626646792310517651150049709952644638468261589502279,-0.00001563487334598766841600006870290146132278595077722932880391077123339504
4,0.02200000000000000000000000000000000000000000000000000000000000089455845,1.200000000000000000000000000000000000000000000000000000000000031115076,plus,0.02484384758410776726399254178893054348394091192492756102012812606957281,0.02199945257573585854742610701569102552999625900737212036148683471158049,0.5646469497043102377186435538677426329505837278133036009937576528633413,7.942265427079449615363440627718719195807605685887881638906932410317194e-57,18,,,,,,
4,0.02200000000000000000000000000000000000000000000000000000000000089455845,1.200000000000000000000000000000000000000000000000000000000000031115076,minus,0.02484384625460278422583449854155547691296072579462010104167421771492759,0.02199945048181461986226469449394560824640449910135451200251917976429629,0.5646469732309773812188729023338737938621901160813538699017413297609513,1.088340813550162865778001483032234097516358860077575493352729204459014e-56,18,,,,,,
4,0.02200000000000000000000000000000000000000000000000000000000000089455845,1.200000000000000000000000000000000000000000000000000000000000031115076,EVEN_DIAGNOSTIC,,,0.5646469614676438094687582281008082134063869219473287354477494913121463,,,0.3090555330634250835941654584630914378821153854150423006517910700886352,-0.5927116856203773343988087344902448037007324452384539783546620629109901,0.03705638547028458049734408578360627118531953495437053167836746270128276,0.009272693463851923541675566974845147427350832809113775316792134429977595,0.0003798148603267336516455179807294548824273817788687565420943901554577259,-0.00001730451174757417450255424995935600555273564572064154693106462627251973
4,0.02700000000000000000000000000000000000000000000000000000000000021391615,0.3999999999999999999999999999999999999999999999999999999999999844424618,plus,0.01072775780603375534586772520467033889053191903871642099204836083079614,0.02699898851654692091719712589425122246555024744969142228771879860549869,0.1986696242242374047548535332680159899565858153109086099934623588031898,4.297696696933610144052794316254566750344259714979576366223056681722104e-63,18,,,,,,
4,0.02700000000000000000000000000000000000000000000000000000000000021391615,0.3999999999999999999999999999999999999999999999999999999999999844424618,minus,0.01072775602920825515454996025384524843781564943666525297450084391604142,0.02699898376635873661976306404311508792785664553413254727660313167639250,0.1986696262726608547528667954193380293301219240067033386026657145762096,8.592924556228911291878747835174705007178394942802715490081170406280687e-63,18,,,,,,
4,0.02700000000000000000000000000000000000000000000000000000000000021391615,0.3999999999999999999999999999999999999999999999999999999999999844424618,EVEN_DIAGNOSTIC,,,0.1986696252484491297538601643436770096433538696588059742980640366896997,,,0.3090555330634250835941654584630914378821153854150423006517910700886352,-0.5927116856203773343988087344902448037007324452384539783546620629109901,0.03705638547028458049734408578360627118531953495437053167836746270128276,0.0004039036329713025801937826918810655469177074036112827681586565657342505,0.00001437734121792650364586220888364786313029453408147305227400366427904729,-0.000003175824109558300505320396132345287302344508325823437837660069652110416
4,0.02700000000000000000000000000000000000000000000000000000000000021391615,0.7999999999999999999999999999999999999999999999999999999999999688849236,plus,0.02102792204328668976830114905925195891310455123152512564567776554941901,0.02699898851654692091719712589425122246555024744969142228771879860549869,0.3894205523736429533459256472067524991738760261150784696691041908005667,4.316923180779345067123097068061633245390148606163264674570584266167301e-58,18,,,,,,
4,0.02700000000000000000000000000000000000000000000000000000000000021391615,0.7999999999999999999999999999999999999999999999999999999999999688849236,minus,0.02102791915229408278366608635422961299682539498690870621411963221045130,0.02699898376635873661976306404311508792785664553413254727660313167639250,0.3894205673491919078713067828402370927912014276404125496075126083861083,6.934316626709104305820210944555741792652111913286703967685812718283221e-58,18,,,,,,
4,0.02700000000000000000000000000000000000000000000000000000000000021391615,0.7999999999999999999999999999999999999999999999999999999999999688849236,EVEN_DIAGNOSTIC,,,0.3894205598614174306086162150234947959825387268777455096383083995933375,,,0.3090555330634250835941654584630914378821153854150423006517910700886352,-0.5927116856203773343988087344902448037007324452384539783546620629109901,0.03705638547028458049734408578360627118531953495437053167836746270128276,0.003041826814628222517106913990944902891822606223622397384686479589751702,0.0001148295522278867579626646792310517651150049709952644638468261589502279,-0.00001563442725115978816068047438496819055370867576479984081373337913474887
4,0.02700000000000000000000000000000000000000000000000000000000000021391615,1.200000000000000000000000000000000000000000000000000000000000031115076,plus,0.03048991516227130200704674001918108082336386619989848469701063065603823,0.02699898851654692091719712589425122246555024744969142228771879860549869,0.5646492116470380048660759955875365327223555495433362902183187808418587,2.500653819787044294311524221892873669708656074344590398371380792039865e-55,18,,,,,,
4,0.02700000000000000000000000000000000000000000000000000000000000021391615,1.200000000000000000000000000000000000000000000000000000000000031115076,minus,0.03048991214608738817150156524560275350129507089896939636529025900442016,0.02699898376635873661976306404311508792785664553413254727660313167639250,0.5646492551337879759445296889358436220382519268432250978487272979973142,3.632128538714125299665285018903651138899943027559433295052968513441434e-55,18,,,,,,
4,0.02700000000000000000000000000000000000000000000000000000000000021391615,1.200000000000000000000000000000000000000000000000000000000000031115076,EVEN_DIAGNOSTIC,,,0.5646492333904129904053028422616900773803037381932806940335230394195865,,,0.3090555330634250835941654584630914378821153854150423006517910700886352,-0.5927116856203773343988087344902448037007324452384539783546620629109901,0.03705638547028458049734408578360627118531953495437053167836746270128276,0.009272693463851923541675566974845147427350832809113775316792134429977595,0.0003798148603267336516455179807294548824273817788687565420943901554577259,-0.00001730428563922299276797680904563034114367884332432216135380994885441135
4,0.03299999999999999999999999999999999999999999999999999999999999891097233,0.3999999999999999999999999999999999999999999999999999999999999844424618,plus,0.01311147133367089965746867654533897091708054169441876763314715014792408,0.03299815420660341776451355254075755512965620783252791711869843743662523,0.1986697687934178557239447833531132362077918752136740543984744462798296,1.499981697779268542348160561429196154464941363746521650306712294522519e-61,18,,,,,,
4,0.03299999999999999999999999999999999999999999999999999999999999891097233,0.3999999999999999999999999999999999999999999999999999999999999844424618,minus,0.01311146736880707339258943376495657270173744567595011008664194275092961,0.03299814360696253132318247747841110098897495021811249834843768272194188,0.1986697725329097659319476029468576072533947006487292602628550041576194,2.758882009721942646457450104187924928420109030138004417304920215310618e-61,18,,,,,,
4,0.03299999999999999999999999999999999999999999999999999999999999891097233,0.3999999999999999999999999999999999999999999999999999999999999844424618,EVEN_DIAGNOSTIC,,,0.1986697706631638108279461931499854217305932879312016573306647252187245,,,0.3090555330634250835941654584630914378821153854150423006517910700886352,-0.5927116856203773343988087344902448037007324452384539783546620629109901,0.03705638547028458049734408578360627118531953495437053167836746270128276,0.0004039036329713025801937826918810655469177074036112827681586565657342505,0.00001437734121792650364586220888364786313029453408147305227400366427904729,-0.000003175653271569546732090683000588211807445527981489510093239004045783303
4,0.03299999999999999999999999999999999999999999999999999999999999891097233,0.7999999999999999999999999999999999999999999999999999999999999688849236,plus,0.02570039074364173212284017080809770485824331013954715066564182771822821,0.03299815420660341776451355254075755512965620783252791711869843743662523,0.3894216413246942241760472347549751679839102454550916256781042588026447,1.248809782013920063531666588689821385376343663514024494326277891914217e-56,18,,,,,,
4,0.03299999999999999999999999999999999999999999999999999999999999891097233,0.7999999999999999999999999999999999999999999999999999999999999688849236,minus,0.02570038429245723520121545135049506739753694163819757507881729995105286,0.03299814360696253132318247747841110098897495021811249834843768272194188,0.3894216686637261932095641833922437124549546587107236766496727607014736,2.192872542290028245720357203234272981992491729145189328387933685543130e-56,18,,,,,,
4,0.03299999999999999999999999999999999999999999999999999999999999891097233,0.7999999999999999999999999999999999999999999999999999999999999688849236,EVEN_DIAGNOSTIC,,,0.3894216549942102086928057090736094402194324520829076511638885097520591,,,0.3090555330634250835941654584630914378821153854150423006517910700886352,-0.5927116856203773343988087344902448037007324452384539783546620629109901,0.03705638547028458049734408578360627118531953495437053167836746270128276,0.003041826814628222517106913990944902891822606223622397384686479589751702,0.0001148295522278867579626646792310517651150049709952644638468261589502279,-0.00001563377176942515503706033552045959893301771109385096584646352311933888
4,0.03299999999999999999999999999999999999999999999999999999999999891097233,1.200000000000000000000000000000000000000000000000000000000000031115076,plus,0.03726498265565433668299153202843004307496755124219793584621514886365720,0.03299815420660341776451355254075755512965620783252791711869843743662523,0.5646525321134032333287466090526031333811691552223072713300785060113002,7.286667600830662826353178343031142714025684373127005728117706332329842e-54,18,,,,,,
4,0.03299999999999999999999999999999999999999999999999999999999999891097233,1.200000000000000000000000000000000000000000000000000000000000031115076,minus,0.03726497592490079247361634485885510850370932612326995150113422101242078,0.03299814360696253132318247747841110098897495021811249834843768272194188,0.5646526115038478935068288190349358042979595062031058248404469206218027,1.134885491357642826541634744477878922294389701253272221427063057047876e-53,18,,,,,,
4,0.03299999999999999999999999999999999999999999999999999999999999891097233,1.200000000000000000000000000000000000000000000000000000000000031115076,EVEN_DIAGNOSTIC,,,0.5646525718086255634177877140437694688395643307127065480852627133165514,,,0.3090555330634250835941654584630914378821153854150423006517910700886352,-0.5927116856203773343988087344902448037007324452384539783546620629109901,0.03705638547028458049734408578360627118531953495437053167836746270128276,0.009272693463851923541675566974845147427350832809113775316792134429977595,0.0003798148603267336516455179807294548824273817788687565420943901554577259,-0.00001730395330843486094107987940969441227959283451482660634822487950047378
4,0.03999999999999999999999999999999999999999999999999999999999999941659232,0.3999999999999999999999999999999999999999999999999999999999999844424618,plus,0.01589229257221202777610815568777426888778751830853672364957479835074612,0.03999671483405038988078385754663736555449342250897790731953169000882011,0.1986699737484745578232696535499262933971784449255759894183822657149399,3.708380422519343919280417705907688268508599653102267522917880353470504e-60,18,,,,,,
4,0.03999999999999999999999999999999999999999999999999999999999999941659232,0.3999999999999999999999999999999999999999999999999999999999999844424618,minus,0.01589228401390112012628604542673070584333828188200148798926690170449300,0.03999669195455464262394181485660439594764006681778903121954157475953670,0.1986699804068593553343667431197309141590194889491721959741980065336918,8.064590435060599701983957390791637097920068073530728656795701635055958e-60,18,,,,,,
4,0.03999999999999999999999999999999999999999999999999999999999999941659232,0.3999999999999999999999999999999999999999999999999999999999999844424618,EVEN_DIAGNOSTIC,,,0.1986699770776669565788181983348286037780989669373740926962901361243159,,,0.3090555330634250835941654584630914378821153854150423006517910700886352,-0.5927116856203773343988087344902448037007324452384539783546620629109901,0.03705638547028458049734408578360627118531953495437053167836746270128276,0.0004039036329713025801937826918810655469177074036112827681586565657342505,0.00001437734121792650364586220888364786313029453408147305227400366427904729,-0.000003175410794577189764504648222988415095482566187967600269296984564217867
4,0.03999999999999999999999999999999999999999999999999999999999999941659232,0.7999999999999999999999999999999999999999999999999999999999999688849236,plus,0.03115129617526245005369673898233029627000705812086820473940999995583424,0.03999671483405038988078385754663736555449342250897790731953169000882011,0.3894231851854796270084185957739788760610727876463968120689917728693925,3.113678379182162355092394688104243644819089388290095070889217845013120e-55,18,,,,,,
4,0.03999999999999999999999999999999999999999999999999999999999999941659232,0.7999999999999999999999999999999999999999999999999999999999999688849236,minus,0.03115128224972398304967773399749250394668810797810418980252925550262702,0.03999669195455464262394181485660439594764006681778903121954157475953670,0.3894232338654274098066285125554516240016511213242600648135358839084118,6.055974565760466313526195740190991418033349843833442002679138942550611e-55,18,,,,,,
4,0.03999999999999999999999999999999999999999999999999999999999999941659232,0.7999999999999999999999999999999999999999999999999999999999999688849236,EVEN_DIAGNOSTIC,,,0.3894232095254535184075235541647152500313619544853284384412638283889021,,,0.3090555330634250835941654584630914378821153854150423006517910700886352,-0.5927116856203773343988087344902448037007324452384539783546620629109901,0.03705638547028458049734408578360627118531953495437053167836746270128276,0.003041826814628222517106913990944902891822606223622397384686479589751702,0.0001148295522278867579626646792310517651150049709952644638468261589502279,-0.00001563284135880714789968389595157808178734820758731929869684410362312293
4,0.03999999999999999999999999999999999999999999999999999999999999941659232,1.200000000000000000000000000000000000000000000000000000000000031115076,plus,0.04516886921395620754276019074223541954105422424325757089420369750979669,0.03999671483405038988078385754663736555449342250897790731953169000882011,0.5646572399929032321578171476273351066379416152557889185188774196369141,1.829403937655680765509088764297593311018927762636419893845501144317554e-52,18,,,,,,
4,0.03999999999999999999999999999999999999999999999999999999999999941659232,1.200000000000000000000000000000000000000000000000000000000000031115076,minus,0.04516885468430377566793553700269324679130148625644711533997802176667354,0.03999669195455464262394181485660439594764006681778903121954157475953670,0.5646573813607621431526582236189610360914182867563192095690158726087464,3.090821459111115062947005935769792686521690590225802756085315044966739e-52,18,,,,,,
4,0.03999999999999999999999999999999999999999999999999999999999999941659232,1.200000000000000000000000000000000000000000000000000000000000031115076,EVEN_DIAGNOSTIC,,,0.5646573106768326876552376856231480713646799510060540640439466072289848,,,0.3090555330634250835941654584630914378821153854150423006517910700886352,-0.5927116856203773343988087344902448037007324452384539783546620629109901,0.03705638547028458049734408578360627118531953495437053167836746270128276,0.009272693463851923541675566974845147427350832809113775316792134429977595,0.0003798148603267336516455179807294548824273817788687565420943901554577259,-0.00001730348139955789921768033410556502311758860469797941657068414745435752
5,0.01500000000000000000000000000000000000000000000000000000000000038893845,0.3999999999999999999999999999999999999999999999999999999999999844424618,plus,0.005960127635912499580519080007501190437475085925016619657423173852112182,0.01500012504502562694656026719788898367960327116010613816215838154709151,0.1986692650235275757743934528257339778305299322523219053256037661714538,1.758238535485981752888081129584813875746790429029502757888047424412364e-56,18,,,,,,
5,0.01500000000000000000000000000000000000000000000000000000000000038893845,0.3999999999999999999999999999999999999999999999999999999999999844424618,minus,0.005960126444389144648852238264926858348697051950015753101816757412818755,0.01500012185953556741992577591842325841551903890383199770437562169145313,0.1986692674966602441262466673683326573390920812690077826034253823623863,3.819147405757639230536728963750565987617459775980148435028263233654281e-56,18,,,,,,
5,0.01500000000000000000000000000000000000000000000000000000000000038893845,0.3999999999999999999999999999999999999999999999999999999999999844424618,EVEN_DIAGNOSTIC,,,0.1986692662600939099503200600970333175848110067606648439645145839903814,,,-0.2194765356635059446785823006828360637369326692682264381448589270434139,0.2413655464037045311151571057870772030828175997691370107093854383508577,0.1883487744746098522922362034513585325179818508141769141134046648627427,-0.0002868331436352355813626040757246263839849105984605713071743648002402718,0.00004919449814876834095843337632866203053894300050404873963204262000151368,-0.00004030067429642328318985315536605503999085158669984873763345802744747228
5,0.01500000000000000000000000000000000000000000000000000000000000038893845,0.7999999999999999999999999999999999999999999999999999999999999688849236,plus,0.01168263280706418531190246239266872984585609865996400411595128863197542,0.01500012504502562694656026719788898367960327116010613816215838154709151,0.3894178472511602362838910199521208455203712648876072267626607609891677,1.605257494808640718822309098714991177426822297418753982628517565693749e-51,18,,,,,,
5,0.01500000000000000000000000000000000000000000000000000000000000038893845,0.7999999999999999999999999999999999999999999999999999999999999688849236,minus,0.01168263086848744946113681388849625995796324704802590674746006615752410,0.01500012185953556741992577591842325841551903890383199770437562169145313,0.3894178653309009233936339499329893516306189397163687966880969711296631,3.618193641121506869509023907997256251187054624398998098812479825819731e-51,18,,,,,,
5,0.01500000000000000000000000000000000000000000000000000000000000038893845,0.7999999999999999999999999999999999999999999999999999999999999688849236,EVEN_DIAGNOSTIC,,,0.3894178562910305798387624849425550985754951023019880117253788660594154,,,-0.2194765356635059446785823006828360637369326692682264381448589270434139,0.2413655464037045311151571057870772030828175997691370107093854383508577,0.1883487744746098522922362034513585325179818508141769141134046648627427,-0.002160160682921510399106878289116826476399078524465293529631258671930018,0.0003661537113635972974337838775212129662051025668887209472549887309248991,-0.0002445981227181114399274430612277871878142023082515036580517895559061250
5,0.01500000000000000000000000000000000000000000000000000000000000038893845,1.200000000000000000000000000000000000000000000000000000000000031115076,plus,0.01693937017821555844297318306670544185484420719603906932235462333090461,0.01500012504502562694656026719788898367960327116010613816215838154709151,0.5646409655709179588133338756482368433070358386422267896138275111977711,8.778415264240050525696097673067295110152504067523358925033165505782512e-49,18,,,,,,
5,0.01500000000000000000000000000000000000000000000000000000000000038893845,1.200000000000000000000000000000000000000000000000000000000000031115076,minus,0.01693936815584190490445189751528602522204073732254662217301751515085000,0.01500012185953556741992577591842325841551903890383199770437562169145313,0.5646410180685818866449713509984445580046739644328849875644731753548347,2.024313604406469100631489592375349837754920374264786406224006715354405e-48,18,,,,,,
5,0.01500000000000000000000000000000000000000000000000000000000000038893845,1.200000000000000000000000000000000000000000000000000000000000031115076,EVEN_DIAGNOSTIC,,,0.5646409918197499227291526133233407006558549015375558885891503821701484,,,-0.2194765356635059446785823006828360637369326692682264381448589270434139,0.2413655464037045311151571057870772030828175997691370107093854383508577,0.1883487744746098522922362034513585325179818508141769141134046648627427,-0.006585025731599503060711870725739677615435021117343690389408957231509599,0.001096494624532911205352518934177226774480309056805883653258141961887951,-0.0005148927809318571522797097869358384557586704483534928174166193429496423
5,0.01800000000000000000000000000000000000000000000000000000000000095289921,0.3999999999999999999999999999999999999999999999999999999999999844424618,plus,0.007152178560009752797929156232809213576193115690325361641378659856870712,0.01800021662576080409007810286546346689106173057902143167467057091902234,0.1986692357294743408038792570798326510390060807333579335908118756601864,3.784864386757325263131211151018366273138820273481120247867866297731005e-55,18,,,,,,
5,0.01800000000000000000000000000000000000000000000000000000000000095289921,0.3999999999999999999999999999999999999999999999999999999999999844424618,minus,0.007152176089277200343577769760559952750116803546137824428721038383720984,0.01800021002034767892087404538900978330153654594420629657868003289334022,0.1986692400030967563573872939851038538031413956376801087557425450892787,8.734711590783576387153319649673904218448206775477475320152034898438433e-55,18,,,,,,
5,0.01800000000000000000000000000000000000000000000000000000000000095289921,0.3999999999999999999999999999999999999999999999999999999999999844424618,EVEN_DIAGNOSTIC,,,0.1986692378662855485806332755324682524210737381855190211732772200981939,,,-0.2194765356635059446785823006828360637369326692682264381448589270434139,0.2413655464037045311151571057870772030828175997691370107093854383508577,0.1883487744746098522922362034513585325179818508141769141134046648627427,-0.0002868331436352355813626040757246263839849105984605713071743648002402718,0.00004919449814876834095843337632866203053894300050404873963204262000151368,-0.00004030022018246918088817960455057456720742545175110108463665189619462562
5,0.01800000000000000000000000000000000000000000000000000000000000095289921,0.7999999999999999999999999999999999999999999999999999999999999688849236,plus,0.01401920328180300818073847464320528698175980101876050208590670157178216,0.01800021662576080409007810286546346689106173057902143167467057091902234,0.3894176268339900363352115668453433538473337263915428255603003541625092,3.441888449143424549023220639489290950316357431452613055403634545078566e-50,18,,,,,,
5,0.01800000000000000000000000000000000000000000000000000000000000095289921,0.7999999999999999999999999999999999999999999999999999999999999688849236,minus,0.01401919926200155614737206630919214656343642321963385305048165816431194,0.01800021002034767892087404538900978330153654594420629657868003289334022,0.3894176580760464795152904181663563811296657520473955444331791800462550,8.304171321388987084013302891154579567276060427431512912083681470313321e-50,18,,,,,,
5,0.01800000000000000000000000000000000000000000000000000000000000095289921,0.7999999999999999999999999999999999999999999999999999999999999688849236,EVEN_DIAGNOSTIC,,,0.3894176424550182579252509925058498674884997392194691849967397671043821,,,-0.2194765356635059446785823006828360637369326692682264381448589270434139,0.2413655464037045311151571057870772030828175997691370107093854383508577,0.1883487744746098522922362034513585325179818508141769141134046648627427,-0.002160160682921510399106878289116826476399078524465293529631258671930018,0.0003661537113635972974337838775212129662051025668887209472549887309248991,-0.0002445937024419090236092641118952781033851366413429756449170642242993615
5,0.01800000000000000000000000000000000000000000000000000000000000095289921,1.200000000000000000000000000000000000000000000000000000000000031115076,plus,0.02032729523699713434125455800769155572470874860244225020155675822353503,0.01800021662576080409007810286546346689106173057902143167467057091902234,0.5646402946036204453217206554186518043537190763560077278122817633104080,1.877716334822601545378190337805962287018657806111528775802447636137283e-47,18,,,,,,
5,0.01800000000000000000000000000000000000000000000000000000000000095289921,1.200000000000000000000000000000000000000000000000000000000000031115076,minus,0.02032729104345836358910670203787441114008238391153966389093833199628741,0.01800021002034767892087404538900978330153654594420629657868003289334022,0.5646403853199524076832635081746050134508004416654108455795727529285077,4.656131744092889793244795562705744838045727261569517663036128054883654e-47,18,,,,,,
5,0.01800000000000000000000000000000000000000000000000000000000000095289921,1.200000000000000000000000000000000000000000000000000000000000031115076,EVEN_DIAGNOSTIC,,,0.5646403399617864265024920817966284089022597590107092866959272581194579,,,-0.2194765356635059446785823006828360637369326692682264381448589270434139,0.2413655464037045311151571057870772030828175997691370107093854383508577,0.1883487744746098522922362034513585325179818508141769141134046648627427,-0.006585025731599503060711870725739677615435021117343690389408957231509599,0.001096494624532911205352518934177226774480309056805883653258141961887951,-0.0005148785456834551307314154543226257255446900475232524094132917027215837
5,0.02200000000000000000000000000000000000000000000000000000000000089455845,0.3999999999999999999999999999999999999999999999999999999999999844424618,plus,0.008741601957380477604685661558884831101699377954897942539503325014187838,0.02200039684551582066764631489801700284499971532618789265988040819482443,0.1986691880779008342977795347629052824671874852381250857643226260808156,1.101867731556786526576758173720088159704562770674969006167638070761634e-53,18,,,,,,
5,0.02200000000000000000000000000000000000000000000000000000000000089455845,0.3999999999999999999999999999999999999999999999999999999999999844424618,minus,0.008741596443929457710082548583878903017743271098449392209430079569779508,0.02200038210547581067268679108249520879364748267345318019569367696031093,0.1986691958807776321259079160351539052933482589096761914215984457761955,2.756164105925556876316687224307713900417066642914875475084976801741155e-53,18,,,,,,
5,0.02200000000000000000000000000000000000000000000000000000000000089455845,0.3999999999999999999999999999999999999999999999999999999999999844424618,EVEN_DIAGNOSTIC,,,0.1986691919793392332118437253990295938802678720739006385929605262050442,,,-0.2194765356635059446785823006828360637369326692682264381448589270434139,0.2413655464037045311151571057870772030828175997691370107093854383508577,0.1883487744746098522922362034513585325179818508141769141134046648627427,-0.0002868331436352355813626040757246263839849105984605713071743648002402718,0.00004919449814876834095843337632866203053894300050404873963204262000151368,-0.00004029948627755672245299110516147019762639773446294941964799867306181000
5,0.02200000000000000000000000000000000000000000000000000000000000089455845,0.7999999999999999999999999999999999999999999999999999999999999688849236,plus,0.01713466888463713442191233756058624998491813256623286782124425483225760,0.02200039684551582066764631489801700284499971532618789265988040819482443,0.3894172683555380537318671701528573960234181802185549218893178919856200,9.966236901245531638235867464005641794115839953573526596236714469046382e-49,18,,,,,,
5,0.02200000000000000000000000000000000000000000000000000000000000089455845,0.7999999999999999999999999999999999999999999999999999999999999688849236,minus,0.01713465991448422752499652687567038914737302267698883495138812898670227,0.02200038210547581067268679108249520879364748267345318019569367696031093,0.3894173253977138067959427479092710993757041802280674799271732601190283,2.632531594590792348388440656681801948180440536983255067392332752353797e-48,18,,,,,,
5,0.02200000000000000000000000000000000000000000000000000000000000089455845,0.7999999999999999999999999999999999999999999999999999999999999688849236,EVEN_DIAGNOSTIC,,,0.3894172968766259302639049590310642476995611802233112009082455760523242,,,-0.2194765356635059446785823006828360637369326692682264381448589270434139,0.2413655464037045311151571057870772030828175997691370107093854383508577,0.1883487744746098522922362034513585325179818508141769141134046648627427,-0.002160160682921510399106878289116826476399078524465293529631258671930018,0.0003661537113635972974337838775212129662051025668887209472549887309248991,-0.0002445865588709489752042863089184718129974771774304823922899969088470513
5,0.02200000000000000000000000000000000000000000000000000000000000089455845,1.200000000000000000000000000000000000000000000000000000000000031115076,plus,0.02484457311118612543232706450045620199460124851656066870132985942590566,0.02200039684551582066764631489801700284499971532618789265988040819482443,0.5646392036844101820627752500556858736097374179537605397410121336036437,5.419765761406310511511593112644991516334076431374441472756910156218065e-46,18,,,,,,
5,0.02200000000000000000000000000000000000000000000000000000000000089455845,1.200000000000000000000000000000000000000000000000000000000000031115076,minus,0.02484456375342143194090243834880989927419050305179590681397748099109224,0.02200038210547581067268679108249520879364748267345318019569367696031093,0.5646393693143564850058003005014609041864621373832234041669575048612534,1.480334978851381485519654025698929752295152956954731207204154547922218e-45,18,,,,,,
5,0.02200000000000000000000000000000000000000000000000000000000000089455845,1.200000000000000000000000000000000000000000000000000000000000031115076,EVEN_DIAGNOSTIC,,,0.5646392864993833335342877752785733888980997776684919719539848192324486,,,-0.2194765356635059446785823006828360637369326692682264381448589270434139,0.2413655464037045311151571057870772030828175997691370107093854383508577,0.1883487744746098522922362034513585325179818508141769141134046648627427,-0.006585025731599503060711870725739677615435021117343690389408957231509599,0.001096494624532911205352518934177226774480309056805883653258141961887951,-0.0005148555405191836792606179349285042444407355932467860736066752779776812
5,0.02700000000000000000000000000000000000000000000000000000000000021391615,0.3999999999999999999999999999999999999999999999999999999999999844424618,plus,0.01072842488291642548273247170316853853209593125055098808762747076965968,0.02700073665073359193676705140867451900615032560902896722864151257099725,0.1986691145077506869013034840303782125627091054491834366296307707956711,3.406123095198813115286751575910649358909467845778499447371486232709419e-52,18,,,,,,
5,0.02700000000000000000000000000000000000000000000000000000000000021391615,0.3999999999999999999999999999999999999999999999999999999999999844424618,minus,0.01072841237504570062609608555194143276586530664097793406682265163099997,0.02700070321122443722451438555634855345706424546255897138097867511039573,0.1986691289319050456027722970733081136695833269297376980449037160195264,9.419345158381905360227680897920015466630401633164016343219933845902582e-52,18,,,,,,
5,0.02700000000000000000000000000000000000000000000000000000000000021391615,0.3999999999999999999999999999999999999999999999999999999999999844424618,EVEN_DIAGNOSTIC,,,0.1986691217198278662520378905518431631161462161894605673372672434075987,,,-0.2194765356635059446785823006828360637369326692682264381448589270434139,0.2413655464037045311151571057870772030828175997691370107093854383508577,0.1883487744746098522922362034513585325179818508141769141134046648627427,-0.0002868331436352355813626040757246263839849105984605713071743648002402718,0.00004919449814876834095843337632866203053894300050404873963204262000151368,-0.00004029836252547581567420909147390633375863098329313311659331123444043058
5,0.02700000000000000000000000000000000000000000000000000000000000021391615,0.7999999999999999999999999999999999999999999999999999999999999688849236,plus,0.02102907633947097470342484187070948338599500741631958009057988749899959,0.02700073665073359193676705140867451900615032560902896722864151257099725,0.3894167150232108348617622169301950380954024458194540604060673015573757,3.059717413287839729789664809196174385909598826222781721576620553892203e-47,18,,,,,,
5,0.02700000000000000000000000000000000000000000000000000000000000021391615,0.7999999999999999999999999999999999999999999999999999999999999688849236,minus,0.02102905598987364569555854710676773652659227301643971717598747919657176,0.02700070321122443722451438555634855345706424546255897138097867511039573,0.3894168204688031307368766667589902324231868952654668075514041620090884,9.049101715572040369131429149012328943868807145916215784502155877787243e-47,18,,,,,,
5,0.02700000000000000000000000000000000000000000000000000000000000021391615,0.7999999999999999999999999999999999999999999999999999999999999688849236,EVEN_DIAGNOSTIC,,,0.3894167677460069827993194418445926352592946705424604339787357123363093,,,-0.2194765356635059446785823006828360637369326692682264381448589270434139,0.2413655464037045311151571057870772030828175997691370107093854383508577,0.1883487744746098522922362034513585325179818508141769141134046648627427,-0.002160160682921510399106878289116826476399078524465293529631258671930018,0.0003661537113635972974337838775212129662051025668887209472549887309248991,-0.0002445756210195619838459313415795052239997538902463618228799369535580423
5,0.02700000000000000000000000000000000000000000000000000000000000021391615,1.200000000000000000000000000000000000000000000000000000000000031115076,plus,0.03049125798328926787828152001241090451228724086208631866754316899002308,0.02700073665073359193676705140867451900615032560902896722864151257099725,0.5646375204074448986181166649316527534434764545829242186062401834696371,1.657299961962034639055794314495346515934226296568860043170900142127305e-44,18,,,,,,
5,0.02700000000000000000000000000000000000000000000000000000000000021391615,1.200000000000000000000000000000000000000000000000000000000000031115076,minus,0.03049123675464313653208833568314476576041209096027034096753224922233544,0.02700070321122443722451438555634855345706424546255897138097867511039573,0.5646378265801546393432072519315467902669496342959120392223657770348172,5.106978521268368266044530230497883313449807012615217412196463383703675e-44,18,,,,,,
5,0.02700000000000000000000000000000000000000000000000000000000000021391615,1.200000000000000000000000000000000000000000000000000000000000031115076,EVEN_DIAGNOSTIC,,,0.5646376734937997689806619584315997718552130444394181289143029802522272,,,-0.2194765356635059446785823006828360637369326692682264381448589270434139,0.2413655464037045311151571057870772030828175997691370107093854383508577,0.1883487744746098522922362034513585325179818508141769141134046648627427,-0.006585025731599503060711870725739677615435021117343690389408957231509599,0.001096494624532911205352518934177226774480309056805883653258141961887951,-0.0005148203169685539193232651352442092470979871631019260130040028769527913
5,0.03299999999999999999999999999999999999999999999999999999999999891097233,0.3999999999999999999999999999999999999999999999999999999999999844424618,plus,0.01311269143166691674284859228160847195683839549039397044956519015377349,0.03300135169624670508569328461738707933115739249319434042878608126928078,0.1986690053237765330302031345425242355850791018190940333552967040097649,9.717078643123991010036222664475368763201861147522056444458928473986188e-51,18,,,,,,
5,0.03299999999999999999999999999999999999999999999999999999999999891097233,0.3999999999999999999999999999999999999999999999999999999999999844424618,minus,0.01311266352053056035050978588797672424370203920460645814558040168037403,0.03300127707611021978069906122128473261058986487629546359759914449272096,0.1986690316603365533996765561547010187419321878726793678889345919266264,3.029681251317941894790151668660973244011248601456334531116881080550246e-50,18,,,,,,
5,0.03299999999999999999999999999999999999999999999999999999999999891097233,0.3999999999999999999999999999999999999999999999999999999999999844424618,EVEN_DIAGNOSTIC,,,0.1986690184920565432149398453486126271635056448458867006221156382447343,,,-0.2194765356635059446785823006828360637369326692682264381448589270434139,0.2413655464037045311151571057870772030828175997691370107093854383508577,0.1883487744746098522922362034513585325179818508141769141134046648627427,-0.0002868331436352355813626040757246263839849105984605713071743648002402718,0.00004919449814876834095843337632866203053894300050404873963204262000151368,-0.00004029671138531936110676174085749163899766987011415222203676203799147809
5,0.03299999999999999999999999999999999999999999999999999999999999891097233,0.7999999999999999999999999999999999999999999999999999999999999688849236,plus,0.02570250175222418063580219477096102867113546328680072914432620382467635,0.03300135169624670508569328461738707933115739249319434042878608126928078,0.3894158940639295999697323606549223893965075050774106842561971706256001,8.655757343661659939323320224862068448530915726037607578705975996837476e-46,18,,,,,,
5,0.03299999999999999999999999999999999999999999999999999999999999891097233,0.7999999999999999999999999999999999999999999999999999999999999688849236,minus,0.02570245634298349115939906964833091942114651592410101364693932723882438,0.03300127707611021978069906122128473261058986487629546359759914449272096,0.3894160865912310497288090677056316640529816040105919900158738724420981,2.930797871893178417306880146821180170586692519070472802644979158883507e-45,18,,,,,,
5,0.03299999999999999999999999999999999999999999999999999999999999891097233,0.7999999999999999999999999999999999999999999999999999999999999688849236,EVEN_DIAGNOSTIC,,,0.3894159903275803248492707141802770267247445545440013371360355409807719,,,-0.2194765356635059446785823006828360637369326692682264381448589270434139,0.2413655464037045311151571057870772030828175997691370107093854383508577,0.1883487744746098522922362034513585325179818508141769141134046648627427,-0.002160160682921510399106878289116826476399078524465293529631258671930018,0.0003661537113635972974337838775212129662051025668887209472549887309248991,-0.0002445595507023262416985267546478594842841638470388478447162372752459924
5,0.03299999999999999999999999999999999999999999999999999999999999891097233,1.200000000000000000000000000000000000000000000000000000000000031115076,plus,0.03726743802030494180248812196294057890000348990965443263504646215025321,0.03300135169624670508569328461738707933115739249319434042878608126928078,0.5646350240942316512937374726520857558601419427764235029927882880240296,4.666050144119485252268447631809261115729382289774884868172034871245645e-43,18,,,,,,
5,0.03299999999999999999999999999999999999999999999999999999999999891097233,1.200000000000000000000000000000000000000000000000000000000000031115076,minus,0.03726739065043408736804301150351973973852653884343485416376683031462952,0.03300127707611021978069906122128473261058986487629546359759914449272096,0.5646355831091780284011068854909894452515189701137076931385637026987613,1.661237387270586984955856023263142778194437432296771928940584228366634e-42,18,,,,,,
5,0.03299999999999999999999999999999999999999999999999999999999999891097233,1.200000000000000000000000000000000000000000000000000000000000031115076,EVEN_DIAGNOSTIC,,,0.5646353036017048398474221790715376005558304564450655980656759953613954,,,-0.2194765356635059446785823006828360637369326692682264381448589270434139,0.2413655464037045311151571057870772030828175997691370107093854383508577,0.1883487744746098522922362034513585325179818508141769141134046648627427,-0.006585025731599503060711870725739677615435021117343690389408957231509599,0.001096494624532911205352518934177226774480309056805883653258141961887951,-0.0005147685667337994371617148357826390888615082919228033786887874469417596
5,0.03999999999999999999999999999999999999999999999999999999999999941659232,0.3999999999999999999999999999999999999999999999999999999999999844424618,plus,0.01589446990915662456819553465055577699505322958488810204698215976415817,0.04000242118066302322168230528366087098210488780685941608044926578484227,0.1986688485350973504272801405316014244896050371826134576507277714001241,2.382909089174545601061745674314654450530478297805206277569080819903139e-49,18,,,,,,
5,0.03999999999999999999999999999999999999999999999999999999999999941659232,0.3999999999999999999999999999999999999999999999999999999999999844424618,minus,0.01589440965980177179868303079630782326661652020218608166001938111310120,0.04000226010357304713714844078998826637608598096704796890519312841477405,0.1986688954405111867978518038925527929155705561134863163623846710608668,8.540410374456004389445275022387124076073294535456575219292987275106917e-49,18,,,,,,
5,0.03999999999999999999999999999999999999999999999999999999999999941659232,0.3999999999999999999999999999999999999999999999999999999999999844424618,EVEN_DIAGNOSTIC,,,0.1986688719878042686125659722120771087025877966480498870065562212304955,,,-0.2194765356635059446785823006828360637369326692682264381448589270434139,0.2413655464037045311151571057870772030828175997691370107093854383508577,0.1883487744746098522922362034513585325179818508141769141134046648627427,-0.0002868331436352355813626040757246263839849105984605713071743648002402718,0.00004919449814876834095843337632866203053894300050404873963204262000151368,-0.00004029436786216493979026505536605351926075716701978930346950387893589758
5,0.03999999999999999999999999999999999999999999999999999999999999941659232,0.7999999999999999999999999999999999999999999999999999999999999688849236,plus,0.03115506293036089422566813413637803109029778667389148094848275961276074,0.04000242118066302322168230528366087098210488780685941608044926578484227,0.3894147155450318198355338046191357538016577542004400787862551272886988,2.101427719847759785684044285887516619164884440773601312352448863645548e-44,18,,,,,,
5,0.03999999999999999999999999999999999999999999999999999999999999941659232,0.7999999999999999999999999999999999999999999999999999999999999688849236,minus,0.03115496491119292131303252928337528619098909840333070762323175885081857,0.04000226010357304713714844078998826637608598096704796890519312841477405,0.3894150584307875718459129342179750754405708581021781151140224013914693,8.328201966406821578188515385391779793167068917274771763224917276980617e-44,18,,,,,,
5,0.03999999999999999999999999999999999999999999999999999999999999941659232,0.7999999999999999999999999999999999999999999999999999999999999688849236,EVEN_DIAGNOSTIC,,,0.3894148869879096958407233694185554146211143061513090969501387643400841,,,-0.2194765356635059446785823006828360637369326692682264381448589270434139,0.2413655464037045311151571057870772030828175997691370107093854383508577,0.1883487744746098522922362034513585325179818508141769141134046648627427,-0.002160160682921510399106878289116826476399078524465293529631258671930018,0.0003661537113635972974337838775212129662051025668887209472549887309248991,-0.0002445367431051996587827122812228594365413146804659211524938897217108079
5,0.03999999999999999999999999999999999999999999999999999999999999941659232,1.200000000000000000000000000000000000000000000000000000000000031115076,plus,0.04517324953946586044806228189589724586725389766845306464607686568466020,0.04000242118066302322168230528366087098210488780685941608044926578484227,0.5646314423750729196748208727845402399090792482715578209078491244360504,1.126513903517445315942565286171420451059766476873607253623300414270419e-41,18,,,,,,
5,0.03999999999999999999999999999999999999999999999999999999999999941659232,1.200000000000000000000000000000000000000000000000000000000000031115076,minus,0.04517314729098032600523228789925652806479437378667568243574830258718360,0.04000226010357304713714844078998826637608598096704796890519312841477405,0.5646324379424927714692944436093380088881306770720446261296161738812029,4.744605785355171568190796120078237863905904647874737940447878908381193e-41,18,,,,,,
5,0.03999999999999999999999999999999999999999999999999999999999999941659232,1.200000000000000000000000000000000000000000000000000000000000031115076,EVEN_DIAGNOSTIC,,,0.5646319401587828455720576581969391243986049626718012235187326880524721,,,-0.2194765356635059446785823006828360637369326692682264381448589270434139,0.2413655464037045311151571057870772030828175997691370107093854383508577,0.1883487744746098522922362034513585325179818508141769141134046648627427,-0.006585025731599503060711870725739677615435021117343690389408957231509599,0.001096494624532911205352518934177226774480309056805883653258141961887951,-0.0005146951240828452565932789845700607807993122617119935794527461659839898
6,0.01500000000000000000000000000000000000000000000000000000000000038893845,0.3999999999999999999999999999999999999999999999999999999999999844424618,plus,0.005960000279351896031667056944189416380338572955235937148866937675866430,0.01499979133066621480724906355408363974782067582245525029933080799616545,0.1986694397263719463582660477114361280927421716380519944406577685359634,2.783526219976518910915480360928402746252689627584497756320270770266757e-64,18,,,,,,
6,0.01500000000000000000000000000000000000000000000000000000000000038893845,0.3999999999999999999999999999999999999999999999999999999999999844424618,minus,0.005959999855103535920201690774348290755543381847669290914289889588333933,0.01499979019646216936186378270557459558065013672010884190797896819829871,0.1986694406068844078860026037432318600348975167402315480569960335315001,5.580252382486618020831123712903811172938795701053952133086433607308998e-64,18,,,,,,
6,0.01500000000000000000000000000000000000000000000000000000000000038893845,0.3999999999999999999999999999999999999999999999999999999999999844424618,EVEN_DIAGNOSTIC,,,0.1986694401666281771221343257273339940638198441891417712488269010337317,,,0.3719991253848388071766837475149932480485858446877274360668878470439246,-0.6316265908578225508207400007396127328911855595783023971025762289409059,-0.6424546424622427642760521854634170081014585536649957702580940516899726,0.0004861644013156965045352519060930543451402343386892090591534902769120661,-0.0003046673217589258413293828873374825283200422984941707117303341115547354,0.00003940038881087688914185374775406023921457792351166302395837624663508716
6,0.01500000000000000000000000000000000000000000000000000000000000038893845,0.7999999999999999999999999999999999999999999999999999999999999688849236,plus,0.01168241236384625882563368651544491360405522711770933908607465132178646,0.01499979133066621480724906355408363974782067582245525029933080799616545,0.3894191627840260495372899057346908962151139568323000997523340395090158,5.644651890835001218202319719982273829830884553130839005097111981670814e-60,18,,,,,,
6,0.01500000000000000000000000000000000000000000000000000000000000038893845,0.7999999999999999999999999999999999999999999999999999999999999688849236,minus,0.01168241167359340203444863778759413659361643839072731057492506953137031,0.01499979019646216936186378270557459558065013672010884190797896819829871,0.3894191692210735110929874860663554913579212873761429134004756760754708,7.101553826057505289017093789056092547482482583763522912733438662548044e-61,18,,,,,,
6,0.01500000000000000000000000000000000000000000000000000000000000038893845,0.7999999999999999999999999999999999999999999999999999999999999688849236,EVEN_DIAGNOSTIC,,,0.3894191660025497803151386959005231937865176221042215065764048772391660,,,0.3719991253848388071766837475149932480485858446877274360668878470439246,-0.6316265908578225508207400007396127328911855595783023971025762289409059,-0.6424546424622427642760521854634170081014585536649957702580940516899726,0.003661338476608436195520957459292933851656337191344932949308661652297076,-0.002118720634985743305975530785524483368675785878647685479364897112970658,0.0002005067181301951737357959302309156526721718238812849487341851940697536
6,0.01500000000000000000000000000000000000000000000000000000000000038893845,1.200000000000000000000000000000000000000000000000000000000000031115076,plus,0.01693911360287161947077852835225095084204245191353591325645728484867933,0.01499979133066621480724906355408363974782067582245525029933080799616545,0.5646449750351050311699302403083603473451864655829193329944618955172035,2.813189681217709884471843478414096366340459449162202059707716817484571e-57,18,,,,,,
6,0.01500000000000000000000000000000000000000000000000000000000000038893845,1.200000000000000000000000000000000000000000000000000000000000031115076,minus,0.01693911288276310482381139969028709495321605970411569084261968860603996,0.01499979019646216936186378270557459558065013672010884190797896819829871,0.5646449937265903072685552123807946183248096657956521891699321975229717,4.365030754949199812136333061308616735312306923924181740173665858668873e-58,18,,,,,,
6,0.01500000000000000000000000000000000000000000000000000000000000038893845,1.200000000000000000000000000000000000000000000000000000000000031115076,EVEN_DIAGNOSTIC,,,0.5646449843808476692192427263445774828349980656892857610821970076262421,,,0.3719991253848388071766837475149932480485858446877274360668878470439246,-0.6316265908578225508207400007396127328911855595783023971025762289409059,-0.6424546424622427642760521854634170081014585536649957702580940516899726,0.01116121049289457720367071648835219829307886810927910134559185541340773,-0.005660276012141376518098213796651892078957116354758562751276683725512613,0.0002531777741468096291265787431395947995318711467169710435924752451872064
6,0.01800000000000000000000000000000000000000000000000000000000000095289921,0.3999999999999999999999999999999999999999999999999999999999999844424618,plus,0.007151958359798667930751716289257622854253910230765117283420796692998023,0.01799963962531811028943977465064115603189094279602250472676525963612087,0.1986694875195944461692603613850477806256975242575910620645934689878852,1.391408550827429718490585461876452065431917182150237589052752941395694e-63,18,,,,,,
6,0.01800000000000000000000000000000000000000000000000000000000000095289921,0.3999999999999999999999999999999999999999999999999999999999999844424618,minus,0.007151957480077908462222967660766198450793488641261791682823926541543988,0.01799963727343769162058810978826544296094710534533680210075186306508467,0.1986694890410972039198422505615116182623988512488548583466440353773504,2.790736803228759386851029585092852594747024604201080048893252002063656e-64,18,,,,,,
6,0.01800000000000000000000000000000000000000000000000000000000000095289921,0.3999999999999999999999999999999999999999999999999999999999999844424618,EVEN_DIAGNOSTIC,,,0.1986694882803458250445513059732796994440481877532229602056187521826178,,,0.3719991253848388071766837475149932480485858446877274360668878470439246,-0.6316265908578225508207400007396127328911855595783023971025762289409059,-0.6424546424622427642760521854634170081014585536649957702580940516899726,0.0004861644013156965045352519060930543451402343386892090591534902769120661,-0.0003046673217589258413293828873374825283200422984941707117303341115547354,0.00003939961221614183964191537057966776934613985288546092250253143921099477
6,0.01800000000000000000000000000000000000000000000000000000000000095289921,0.7999999999999999999999999999999999999999999999999999999999999688849236,plus,0.01401882214686779924968826080476623307861770518682265002226726313589450,0.01799963962531811028943977465064115603189094279602250472676525963612087,0.3894195227983638737841254945222267296081933447901243692513339699625229,1.522105539439345043316634321230172902803245916682253866468419679146691e-58,18,,,,,,
6,0.01800000000000000000000000000000000000000000000000000000000000095289921,0.7999999999999999999999999999999999999999999999999999999999999688849236,minus,0.01401882071555467230554363270021412228805703759441130668065615000178875,0.01799963727343769162058810978826544296094710534533680210075186306508467,0.3894195339214539562839038759547772086718623771395573895588591874448093,1.254099324637459816516853389896515877124159916998393519059760989196410e-59,18,,,,,,
6,0.01800000000000000000000000000000000000000000000000000000000000095289921,0.7999999999999999999999999999999999999999999999999999999999999688849236,EVEN_DIAGNOSTIC,,,0.3894195283599089150340146852385019691400278609648408794050965787036661,,,0.3719991253848388071766837475149932480485858446877274360668878470439246,-0.6316265908578225508207400007396127328911855595783023971025762289409059,-0.6424546424622427642760521854634170081014585536649957702580940516899726,0.003661338476608436195520957459292933851656337191344932949308661652297076,-0.002118720634985743305975530785524483368675785878647685479364897112970658,0.0002005047549660069470086218889393112823579818800285202563968242497297829
6,0.01800000000000000000000000000000000000000000000000000000000000095289921,1.200000000000000000000000000000000000000000000000000000000000031115076,plus,0.02032685165551582692180395599624379902755634741923052476833964036950914,0.01799963962531811028943977465064115603189094279602250472676525963612087,0.5646460728837116223778790460698614424776716732427643505150870809616970,7.433582364485475867751113862784428646909068231667583638049054607018758e-56,18,,,,,,
6,0.01800000000000000000000000000000000000000000000000000000000000095289921,1.200000000000000000000000000000000000000000000000000000000000031115076,minus,0.02032685016228471262787588473511670652657671466186326313004151783965759,0.01799963727343769162058810978826544296094710534533680210075186306508467,0.5646461051823894409820365070809118423332531905553986728183022565873665,7.938167865275803663601241840579823568033780563341199973293085930865602e-57,18,,,,,,
6,0.01800000000000000000000000000000000000000000000000000000000000095289921,1.200000000000000000000000000000000000000000000000000000000000031115076,EVEN_DIAGNOSTIC,,,0.5646460890330505316799577765753866424054624318990815116666946687745317,,,0.3719991253848388071766837475149932480485858446877274360668878470439246,-0.6316265908578225508207400007396127328911855595783023971025762289409059,-0.6424546424622427642760521854634170081014585536649957702580940516899726,0.01116121049289457720367071648835219829307886810927910134559185541340773,-0.005660276012141376518098213796651892078957116354758562751276683725512613,0.0002531821074529842113412136958880499041927005634111032370547830895469027
6,0.02200000000000000000000000000000000000000000000000000000000000089455845,0.3999999999999999999999999999999999999999999999999999999999999844424618,plus,0.008741199608863911348626372186920541217145927790576404280481289233975440,0.02199934253839283617478124909688722331150230184224279671250371413086896,0.1986695646383280603153818299138691807415375414789370219142523727848745,6.089483626424843935705062114746384643764205756753525908034179253890189e-62,18,,,,,,
6,0.02200000000000000000000000000000000000000000000000000000000000089455845,0.3999999999999999999999999999999999999999999999999999999999999844424618,minus,0.008741197645752116027311416698969864963907186954103226382322859098105570,0.02199933729014397677623757078706244279818736724815679323327545179290296,0.1986695674162034819096412261290978876321089274201378537420552293902363,0.0,18,,,,,,
6,0.02200000000000000000000000000000000000000000000000000000000000089455845,0.3999999999999999999999999999999999999999999999999999999999999844424618,EVEN_DIAGNOSTIC,,,0.1986695660272657711125115280214835341868232344495374378281538108110168,,,0.3719991253848388071766837475149932480485858446877274360668878470439246,-0.6316265908578225508207400007396127328911855595783023971025762289409059,-0.6424546424622427642760521854634170081014585536649957702580940516899726,0.0004861644013156965045352519060930543451402343386892090591534902769120661,-0.0003046673217589258413293828873374825283200422984941707117303341115547354,0.00003939835713423895320243377911807184147851228224404763733604468577167143
6,0.02200000000000000000000000000000000000000000000000000000000000089455845,0.7999999999999999999999999999999999999999999999999999999999999688849236,plus,0.01713397250729628881233617558942475604935411842634771831882072380078428,0.02199934253839283617478124909688722331150230184224279671250371413086896,0.3894201037461552389520564952744763609773015356309583938034965923291029,5.962692161803336159819221874589050726588047781863126452830144481080017e-57,18,,,,,,
6,0.02200000000000000000000000000000000000000000000000000000000000089455845,0.7999999999999999999999999999999999999999999999999999999999999688849236,minus,0.01713396931327569409890009968317571576845409807257704771986380806856909,0.02199933729014397677623757078706244279818736724815679323327545179290296,0.3894201240541905249086115809605944788120107215647110284639483370251326,2.817990957991192978514875153924897264560993373025422947549664796120095e-58,18,,,,,,
6,0.02200000000000000000000000000000000000000000000000000000000000089455845,0.7999999999999999999999999999999999999999999999999999999999999688849236,EVEN_DIAGNOSTIC,,,0.3894201139001728819303340381175354198946561285978347111337224646771177,,,0.3719991253848388071766837475149932480485858446877274360668878470439246,-0.6316265908578225508207400007396127328911855595783023971025762289409059,-0.6424546424622427642760521854634170081014585536649957702580940516899726,0.003661338476608436195520957459292933851656337191344932949308661652297076,-0.002118720634985743305975530785524483368675785878647685479364897112970658,0.0002005015820434374598147235636671512721522665852517084264080887488744234
6,0.02200000000000000000000000000000000000000000000000000000000000089455845,1.200000000000000000000000000000000000000000000000000000000000031115076,plus,0.02484376269428189106506424581893463557189756965261777477987293292134775,0.02199934253839283617478124909688722331150230184224279671250371413086896,0.5646478446100156556031823362747428138949442574125378713872273319661545,2.835766366020866582046523214694672078021882866091339672021731622275278e-54,18,,,,,,
6,0.02200000000000000000000000000000000000000000000000000000000000089455845,1.200000000000000000000000000000000000000000000000000000000000031115076,minus,0.02484375936205657320599919696332444554480409593310390646633518093710672,0.02199933729014397677623757078706244279818736724815679323327545179290296,0.5646479035799623588630770429978307743922028702175229257993674611947379,1.838555642707274554146745050110541431675321542665358460168448542826405e-55,18,,,,,,
6,0.02200000000000000000000000000000000000000000000000000000000000089455845,1.200000000000000000000000000000000000000000000000000000000000031115076,EVEN_DIAGNOSTIC,,,0.5646478740949890072331296896362867941435735638150303985932973965804462,,,0.3719991253848388071766837475149932480485858446877274360668878470439246,-0.6316265908578225508207400007396127328911855595783023971025762289409059,-0.6424546424622427642760521854634170081014585536649957702580940516899726,0.01116121049289457720367071648835219829307886810927910134559185541340773,-0.005660276012141376518098213796651892078957116354758562751276683725512613,0.0002531891101968561771202039313532978197969305416071814793063517486254757
6,0.02700000000000000000000000000000000000000000000000000000000000021391615,0.3999999999999999999999999999999999999999999999999999999999999844424618,plus,0.01072768042709903398566189391044847623637156520875739378632813111416860,0.02699878585701864367102066202883451899125404153088372733273886858918309,0.1986696824796336270533284700874680610748531148478800600122717332127358,3.335702577004231828248616312800024889894634952415701260340721274147199e-60,18,,,,,,
6,0.02700000000000000000000000000000000000000000000000000000000000021391615,0.3999999999999999999999999999999999999999999999999999999999999844424618,minus,0.01072767597352595356472928899244089354274153500727113746756990691410124,0.02699877395072944413723056646580948515090147985078286410983544165477796,0.1986696876143910358377180631406613136384639475254702798737926593661230,5.680917629314058289487408260696214549917433455913585170859914616160899e-62,18,,,,,,
6,0.02700000000000000000000000000000000000000000000000000000000000021391615,0.3999999999999999999999999999999999999999999999999999999999999844424618,EVEN_DIAGNOSTIC,,,0.1986696850470123314455232666140646873566585311866751699430321962894294,,,0.3719991253848388071766837475149932480485858446877274360668878470439246,-0.6316265908578225508207400007396127328911855595783023971025762289409059,-0.6424546424622427642760521854634170081014585536649957702580940516899726,0.0004861644013156965045352519060930543451402343386892090591534902769120661,-0.0003046673217589258413293828873374825283200422984941707117303341115547354,0.00003939643533964291435284977752750383980972332434557136850145890962981034
6,0.02700000000000000000000000000000000000000000000000000000000000021391615,0.7999999999999999999999999999999999999999999999999999999999999688849236,plus,0.02102778791704792558338834805714504909094254099113339129201282221283958,0.02699878585701864367102066202883451899125404153088372733273886858918309,0.3894209915291711391582953784230097780725169094751211761597721853732670,2.657173709563450566870145587896958534854418718782883012034266928331105e-55,18,,,,,,
6,0.02700000000000000000000000000000000000000000000000000000000000021391615,0.7999999999999999999999999999999999999999999999999999999999999688849236,minus,0.02102778067092578412263063711789386372949376207371000394465088904558545,0.02699877395072944413723056646580948515090147985078286410983544165477796,0.3894210290678340663964666067194172457814264376354533321611435901262331,6.254898736440397661179223052691248634197142540680910406177188346477719e-57,18,,,,,,
6,0.02700000000000000000000000000000000000000000000000000000000000021391615,0.7999999999999999999999999999999999999999999999999999999999999688849236,EVEN_DIAGNOSTIC,,,0.3894210102985026027773809925712135119269716735552872541604578877497501,,,0.3719991253848388071766837475149932480485858446877274360668878470439246,-0.6316265908578225508207400007396127328911855595783023971025762289409059,-0.6424546424622427642760521854634170081014585536649957702580940516899726,0.003661338476608436195520957459292933851656337191344932949308661652297076,-0.002118720634985743305975530785524483368675785878647685479364897112970658,0.0002004967231898498493260612632456787125272347764072388869327356834644240
6,0.02700000000000000000000000000000000000000000000000000000000000021391615,1.200000000000000000000000000000000000000000000000000000000000031115076,plus,0.03048975869696247548760756569074477325985347029528990539736368678736494,0.02699878585701864367102066202883451899125404153088372733273886858918309,0.5646505524069022799339977547769209962057083792219379960055139910939168,1.223265455608400889041480978797597868794093923503279222893532306345418e-52,18,,,,,,
6,0.02700000000000000000000000000000000000000000000000000000000000021391615,1.200000000000000000000000000000000000000000000000000000000000031115076,minus,0.03048975113718803362784153321723724970551170502330088633805130928492622,0.02699877395072944413723056646580948515090147985078286410983544165477796,0.5646506614120577760298770683758995468289986549719854925542303137126180,4.243387209146754986805146531728158769142958132550747538187533367642072e-54,18,,,,,,
6,0.02700000000000000000000000000000000000000000000000000000000000021391615,1.200000000000000000000000000000000000000000000000000000000000031115076,EVEN_DIAGNOSTIC,,,0.5646506069094800279819374115764102715173535170969617442798721135094219,,,0.3719991253848388071766837475149932480485858446877274360668878470439246,-0.6316265908578225508207400007396127328911855595783023971025762289409059,-0.6424546424622427642760521854634170081014585536649957702580940516899726,0.01116121049289457720367071648835219829307886810927910134559185541340773,-0.005660276012141376518098213796651892078957116354758562751276683725512613,0.0002531998317615259632414380680520898857447404645927448731712057071863894
6,0.03299999999999999999999999999999999999999999999999999999999999891097233,0.3999999999999999999999999999999999999999999999999999999999999844424618,plus,0.01311133067983017303033535410653633423844320345468238679145426083145883,0.03299778586936987606492446837469102026593684713122410096533825386017779,0.1986698551795976348062268065045351587482603134564399809546443974685852,1.528284885047847836476068913601048177815005975378446963009679430053344e-58,18,,,,,,
6,0.03299999999999999999999999999999999999999999999999999999999999891097233,0.3999999999999999999999999999999999999999999999999999999999999844424618,minus,0.01311132074162095579424439949370597747334672862412004809837996617146097,0.03299775930046146263496872271552747846272235306184508846897045673683445,0.1986698645540698630993468523701501707018485101069425626287925203277266,1.220311880602514424255092416373974898114991725151166337550322837452945e-60,18,,,,,,
6,0.03299999999999999999999999999999999999999999999999999999999999891097233,0.3999999999999999999999999999999999999999999999999999999999999844424618,EVEN_DIAGNOSTIC,,,0.1986698598668337489527868294373426647250544117816912717917184588981559,,,0.3719991253848388071766837475149932480485858446877274360668878470439246,-0.6316265908578225508207400007396127328911855595783023971025762289409059,-0.6424546424622427642760521854634170081014585536649957702580940516899726,0.0004861644013156965045352519060930543451402343386892090591534902769120661,-0.0003046673217589258413293828873374825283200422984941707117303341115547354,0.00003939361158701420709433185548904774588638514592728674182901634127545842
6,0.03299999999999999999999999999999999999999999999999999999999999891097233,0.7999999999999999999999999999999999999999999999999999999999999688849236,plus,0.02570014685629450923470592777671029918292059128673145541501783398580423,0.03299778586936987606492446837469102026593684713122410096533825386017779,0.3894222927264737391561206921138053854457946760072090945031321746401062,1.166864575799972368119899218837059774436339804305806536659543194292714e-53,18,,,,,,
6,0.03299999999999999999999999999999999999999999999999999999999999891097233,0.7999999999999999999999999999999999999999999999999999999999999688849236,minus,0.02570013068623390446417114716477008394447295538437445947585377735886791,0.03299775930046146263496872271552747846272235306184508846897045673683445,0.3894223612612765607736948081550435797429058612145017992151469919895826,1.186916424988014814284417946864448727599111114736238198716378250026932e-55,18,,,,,,
6,0.03299999999999999999999999999999999999999999999999999999999999891097233,0.7999999999999999999999999999999999999999999999999999999999999688849236,EVEN_DIAGNOSTIC,,,0.3894223269938751499649077501344244825943502686108554468591395833148444,,,0.3719991253848388071766837475149932480485858446877274360668878470439246,-0.6316265908578225508207400007396127328911855595783023971025762289409059,-0.6424546424622427642760521854634170081014585536649957702580940516899726,0.003661338476608436195520957459292933851656337191344932949308661652297076,-0.002118720634985743305975530785524483368675785878647685479364897112970658,0.0002004895829567091507582660738111364487521735067133013309656624031719692
6,0.03299999999999999999999999999999999999999999999999999999999999891097233,1.200000000000000000000000000000000000000000000000000000000000031115076,plus,0.03726469799664022009802329555449163830897989277447529666191816979835487,0.03299778586936987606492446837469102026593684713122410096533825386017779,0.5646545217330944628681020516507625985839902769598710938303962670782735,5.171092371464103531645264433461524488253452199594509113743313568126005e-51,18,,,,,,
6,0.03299999999999999999999999999999999999999999999999999999999999891097233,1.200000000000000000000000000000000000000000000000000000000000031115076,minus,0.03726468112627659735476652605219452892150343334248744215484989372340421,0.03299775930046146263496872271552747846272235306184508846897045673683445,0.5646547207488034383625251756007277149405206247686254387972873547276789,8.443787800685997881312164926629766654320585138655834421023612576326445e-53,18,,,,,,
6,0.03299999999999999999999999999999999999999999999999999999999999891097233,1.200000000000000000000000000000000000000000000000000000000000031115076,EVEN_DIAGNOSTIC,,,0.5646546212409489506153136136257451567622554508642482663138418497968217,,,0.3719991253848388071766837475149932480485858446877274360668878470439246,-0.6316265908578225508207400007396127328911855595783023971025762289409059,-0.6424546424622427642760521854634170081014585536649957702580940516899726,0.01116121049289457720367071648835219829307886810927910134559185541340773,-0.005660276012141376518098213796651892078957116354758562751276683725512613,0.0002532155828533384836765069220502743662145560342891330984745465076538430
6,0.03999999999999999999999999999999999999999999999999999999999999941659232,0.3999999999999999999999999999999999999999999999999999999999999844424618,plus,0.01589204341494866736006937559328216345400627748345023034497183461836926,0.03999606244831480542768732316034348678368122246432698728801776103508056,0.1986700995314885416538290150852602504234702164317256608665847171227652,6.450094514918195767427061478748624002290813113325324178123562281606239e-57,18,,,,,,
6,0.03999999999999999999999999999999999999999999999999999999999999941659232,0.3999999999999999999999999999999999999999999999999999999999999844424618,minus,0.01589202196181664057868279601240903001079146241329358768732836061492890,0.03999600509572086850539999904727513988762949508420346678176273601660098,0.1986701162251440917212067947953582197346220076218443997884915860149721,1.908230375530350488693513521575766934757414083575656415339568867465174e-59,18,,,,,,
6,0.03999999999999999999999999999999999999999999999999999999999999941659232,0.3999999999999999999999999999999999999999999999999999999999999844424618,EVEN_DIAGNOSTIC,,,0.1986701078783163166875179049403092350790461120267850303275381515688687,,,0.3719991253848388071766837475149932480485858446877274360668878470439246,-0.6316265908578225508207400007396127328911855595783023971025762289409059,-0.6424546424622427642760521854634170081014585536649957702580940516899726,0.0004861644013156965045352519060930543451402343386892090591534902769120661,-0.0003046673217589258413293828873374825283200422984941707117303341115547354,0.00003938960364945684133054868306699966087549017376087506617190945274776541
6,0.03999999999999999999999999999999999999999999999999999999999999941659232,0.7999999999999999999999999999999999999999999999999999999999999688849236,plus,0.03115086396501854431288566215494804965447106868350303322152467430260343,0.03999606244831480542768732316034348678368122246432698728801776103508056,0.3894241340041093868577585629159189174225340764866472921577417701792765,4.685375401751315266858043881980861165900560068804894204682935005318579e-52,18,,,,,,
6,0.03999999999999999999999999999999999999999999999999999999999999941659232,0.7999999999999999999999999999999999999999999999999999999999999688849236,minus,0.03115082905875496923557811505578745768651138660251028403977252709433080,0.03999600509572086850539999904727513988762949508420346678176273601660098,0.3894242560501094199684021870892007324144746660650294346869634432032531,1.782594680083765131040108775741299734936028079474806490790071426673275e-54,18,,,,,,
6,0.03999999999999999999999999999999999999999999999999999999999999941659232,0.7999999999999999999999999999999999999999999999999999999999999688849236,EVEN_DIAGNOSTIC,,,0.3894241950271094034130803750025598249185043712758383634223526066912648,,,0.3719991253848388071766837475149932480485858446877274360668878470439246,-0.6316265908578225508207400007396127328911855595783023971025762289409059,-0.6424546424622427642760521854634170081014585536649957702580940516899726,0.003661338476608436195520957459292933851656337191344932949308661652297076,-0.002118720634985743305975530785524483368675785878647685479364897112970658,0.0002004794463766230401070562924704495855432533573875921839042927481567627
6,0.03999999999999999999999999999999999999999999999999999999999999941659232,1.200000000000000000000000000000000000000000000000000000000000031115076,plus,0.04516836441387062822261453270360037278381488802512320181853875755515795,0.03999606244831480542768732316034348678368122246432698728801776103508056,0.5646601396354924511780863177698559598134267205056555714426769057652176,1.988755225478308616945623937374862776044821803386503840959311388956256e-49,18,,,,,,
6,0.03999999999999999999999999999999999999999999999999999999999999941659232,1.200000000000000000000000000000000000000000000000000000000000031115076,minus,0.04516832799472147887272369047182295883257579616056130096790991695959794,0.03999600509572086850539999904727513988762949508420346678176273601660098,0.5646604940496168688658847383861598514550855866262286397051724021764536,1.341381990529626052402690756200813707817214490988870569949596028403657e-51,18,,,,,,
6,0.03999999999999999999999999999999999999999999999999999999999999941659232,1.200000000000000000000000000000000000000000000000000000000000031115076,EVEN_DIAGNOSTIC,,,0.5646603168425546600219855280780079056342561535659421055739246150769902,,,0.3719991253848388071766837475149932480485858446877274360668878470439246,-0.6316265908578225508207400007396127328911855595783023971025762289409059,-0.6424546424622427642760521854634170081014585536649957702580940516899726,0.01116121049289457720367071648835219829307886810927910134559185541340773,-0.005660276012141376518098213796651892078957116354758562751276683725512613,0.0002532379344331288096669810634626134065022842210513661219321205834552013
7,0.01500000000000000000000000000000000000000000000000000000000000038893845,0.3999999999999999999999999999999999999999999999999999999999999844424618,plus,0.005960180818257843181960660507041939901537561981187638410698873459173240,0.01500026436899731682901265938318151617621874803375427794080762652164309,0.1986691924769139150092577076814913042365294146020335535237638304181748,0.0,18,,,,,,
7,0.01500000000000000000000000000000000000000000000000000000000000038893845,0.3999999999999999999999999999999999999999999999999999999999999844424618,minus,0.005960180487896429105180011742882479670652594035716536296488124612896049,0.01500026348578437053422296838446770185907552126675642492851455547717302,0.1986691931626682550513450313782129004186495054155011728773351447151458,0.0,18,,,,,,
7,0.01500000000000000000000000000000000000000000000000000000000000038893845,0.3999999999999999999999999999999999999999999999999999999999999844424618,EVEN_DIAGNOSTIC,,,0.1986691928197910850303013695298521023275894600087673632005494778431989,,,-0.4692075797175390706537755020710631562134999362363433752008654598016227,1.026619931252082456832191231975867913254227760134921421358153971388036,0.1720298213176831518024590279598734464607948166959973275587146777642504,-0.0006132058021646662067764015013351003949737155157721182582147733768798393,-0.00007831910010745283812481245773534977843592571590517692683581719293274507,0.00002291917476582995830193934254547822193666356860789861468940516968731870
7,0.01500000000000000000000000000000000000000000000000000000000000038893845,0.7999999999999999999999999999999999999999999999999999999999999688849236,plus,0.01168272492093453501024635760029349957899654787909411358392205007473193,0.01500026436899731682901265938318151617621874803375427794080762652164309,0.3894173007070627835230258192575136228420242229245818421416485575259630,1.852010855427496944238965025461967205282401778841601395388197364196289e-60,18,,,,,,
7,0.01500000000000000000000000000000000000000000000000000000000000038893845,0.7999999999999999999999999999999999999999999999999999999999999688849236,minus,0.01168272438345381579635084847275038669868438828518166567490375254837836,0.01500026348578437053422296838446770185907552126675642492851455547717302,0.3894173057201775171385944221727253716558379343325209364020811095838520,4.742460240913243037087650987895373300387070330069936502075576016068439e-60,18,,,,,,
7,0.01500000000000000000000000000000000000000000000000000000000000038893845,0.7999999999999999999999999999999999999999999999999999999999999688849236,EVEN_DIAGNOSTIC,,,0.3894173032136201503308101207151194972489310786285513892718648335549075,,,-0.4692075797175390706537755020710631562134999362363433752008654598016227,1.026619931252082456832191231975867913254227760134921421358153971388036,0.1720298213176831518024590279598734464607948166959973275587146777642504,-0.004618096247831021738797039538522097822707408761293152674723904938726652,-0.0004617582586151922315478241387782558734996274293679081854028982953736068,0.0001696559041931391314345923538179816719823299527493792460795506220974162
7,0.01500000000000000000000000000000000000000000000000000000000000038893845,1.200000000000000000000000000000000000000000000000000000000000031115076,plus,0.01693947750344059917631182246316860574482687181645908482027916503161979,0.01500026436899731682901265938318151617621874803375427794080762652164309,0.5646392985730060109942689422379906438455093373824424369399280716371790,1.010059118739528182054200613473510276624886476327264393274142160975952e-57,18,,,,,,
7,0.01500000000000000000000000000000000000000000000000000000000000038893845,1.200000000000000000000000000000000000000000000000000000000000031115076,minus,0.01693947694273994499793647109442857537067432911856356400459124245220289,0.01500026348578437053422296838446770185907552126675642492851455547717302,0.5646393131291777478591278538924771834872004076035185954300475849324522,2.607182815026421586698326418525707388852671030580179195424704289076175e-57,18,,,,,,
7,0.01500000000000000000000000000000000000000000000000000000000000038893845,1.200000000000000000000000000000000000000000000000000000000000031115076,EVEN_DIAGNOSTIC,,,0.5646393058510918794266983980652339136663548724929805161849878282848156,,,-0.4692075797175390706537755020710631562134999362363433752008654598016227,1.026619931252082456832191231975867913254227760134921421358153971388036,0.1720298213176831518024590279598734464607948166959973275587146777642504,-0.01407778729767546363202110706949112606441832557346794656870737478169335,-0.0008258149649015901671939722462066372268948441777024732018721099699335926,0.0004724765509495194391428937430818092628158634743552303404286123004506730
7,0.01800000000000000000000000000000000000000000000000000000000000095289921,0.3999999999999999999999999999999999999999999999999999999999999844424618,plus,0.007152270310533605388400593331126490282783682983859753851485849221782065,0.01800045698083393115554182761419907197848370569752965646787424673262475,0.1986691315156336834169069493173701706300686227492951681933611072414354,0.0,18,,,,,,
7,0.01800000000000000000000000000000000000000000000000000000000000095289921,0.3999999999999999999999999999999999999999999999999999999999999844424618,minus,0.007152269625490269503057709947476485039915138961965945174850156667685382,0.01800045514938095816254948975798282404554638614410460188215312943388769,0.1986691327006872521487651194489504525828189051196838562200064780727390,1.482164728410120076906936451013011849980967031979974070951106504183757e-63,18,,,,,,
7,0.01800000000000000000000000000000000000000000000000000000000000095289921,0.3999999999999999999999999999999999999999999999999999999999999844424618,EVEN_DIAGNOSTIC,,,0.1986691321081604677828360343831603116064437639344895122066838023805486,,,-0.4692075797175390706537755020710631562134999362363433752008654598016227,1.026619931252082456832191231975867913254227760134921421358153971388036,0.1720298213176831518024590279598734464607948166959973275587146777642504,-0.0006132058021646662067764015013351003949737155157721182582147733768798393,-0.00007831910010745283812481245773534977843592571590517692683581719293274507,0.00002291905858234833003882286530525669832576486222521924875826450960373192
7,0.01800000000000000000000000000000000000000000000000000000000000095289921,0.7999999999999999999999999999999999999999999999999999999999999688849236,plus,0.01401936221202227952603134494637538720033213919999052365810503307099865,0.01800045698083393115554182761419907197848370569752965646787424673262475,0.3894168416654493694002959339714027057674349155636781746825277345441315,3.733973802183900485222987594491511015521017911905357765991034499284121e-59,18,,,,,,
7,0.01800000000000000000000000000000000000000000000000000000000000095289921,0.7999999999999999999999999999999999999999999999999999999999999688849236,minus,0.01401936109750443307739707721546732470278803650469657534518619306447771,0.01800045514938095816254948975798282404554638614410460188215312943388769,0.3894168503285474901594426060427023946958194579787868820372516409489857,1.142281638427369306608177228882637976215707155725493686782754795803444e-58,18,,,,,,
7,0.01800000000000000000000000000000000000000000000000000000000000095289921,0.7999999999999999999999999999999999999999999999999999999999999688849236,EVEN_DIAGNOSTIC,,,0.3894168459969984297798692700070525502316271867712325283598896682996359,,,-0.4692075797175390706537755020710631562134999362363433752008654598016227,1.026619931252082456832191231975867913254227760134921421358153971388036,0.1720298213176831518024590279598734464607948166959973275587146777642504,-0.004618096247831021738797039538522097822707408761293152674723904938726652,-0.0004617582586151922315478241387782558734996274293679081854028982953736068,0.0001696543274942312246959678569607534105732471605751536311595593896927637
7,0.01800000000000000000000000000000000000000000000000000000000000095289921,1.200000000000000000000000000000000000000000000000000000000000031115076,plus,0.02032748044041416937282771373703072064210883503474744972837721026313970,0.01800045698083393115554182761419907197848370569752965646787424673262475,0.5646378995282716178240900946905748812577936876567392837652174807418352,2.050760972975749144146475169507863986163394176843983602262034752442309e-56,18,,,,,,
7,0.01800000000000000000000000000000000000000000000000000000000000095289921,1.200000000000000000000000000000000000000000000000000000000000031115076,minus,0.02032747927776587948245328188476863008071141426179174529798123193188452,0.01800045514938095816254948975798282404554638614410460188215312943388769,0.5646379246822808388606886355494864822623944870234883812536427780776472,6.320984303242596610218821970982387463075652763923950112396674661275758e-56,18,,,,,,
7,0.01800000000000000000000000000000000000000000000000000000000000095289921,1.200000000000000000000000000000000000000000000000000000000000031115076,EVEN_DIAGNOSTIC,,,0.5646379121052762283423893651200306817600940873401138325094301294097412,,,-0.4692075797175390706537755020710631562134999362363433752008654598016227,1.026619931252082456832191231975867913254227760134921421358153971388036,0.1720298213176831518024590279598734464607948166959973275587146777642504,-0.01407778729767546363202110706949112606441832557346794656870737478169335,-0.0008258149649015901671939722462066372268948441777024732018721099699335926,0.0004724697558743495108617505529430658213067013303011792346617224993711501
7,0.02200000000000000000000000000000000000000000000000000000000000089455845,0.3999999999999999999999999999999999999999999999999999999999999844424618,plus,0.008741769112913314080663661934548730313020174229692131822799463086723234,0.02200083471784377088403937598465642384902078266280319308754469347325959,0.1986690329031767297198894575395797199752888354468687906342229804277953,1.186077404023280871869591369381125889470657581181566597016557138227010e-62,18,,,,,,
7,0.02200000000000000000000000000000000000000000000000000000000000089455845,0.3999999999999999999999999999999999999999999999999999999999999844424618,minus,0.008741767584204387846083472663860289498849521547165374161113081719424955,0.02200083063083905861032436694650342684038262827148759133492858857710435,0.1986690350670409646512469886255077274241745979934853512288318066483593,3.853536480115762674911347941588874565385891807584052132091108791871983e-62,18,,,,,,
7,0.02200000000000000000000000000000000000000000000000000000000000089455845,0.3999999999999999999999999999999999999999999999999999999999999844424618,EVEN_DIAGNOSTIC,,,0.1986690339851088471855682230825437236997317167201770709315273935380773,,,-0.4692075797175390706537755020710631562134999362363433752008654598016227,1.026619931252082456832191231975867913254227760134921421358153971388036,0.1720298213176831518024590279598734464607948166959973275587146777642504,-0.0006132058021646662067764015013351003949737155157721182582147733768798393,-0.00007831910010745283812481245773534977843592571590517692683581719293274507,0.00002291887080048850849870729620878983604991547224728571076493929395256104
7,0.02200000000000000000000000000000000000000000000000000000000000089455845,0.7999999999999999999999999999999999999999999999999999999999999688849236,plus,0.01713495846697549483127124443319031043562538069014065186922270516805411,0.02200083471784377088403937598465642384902078266280319308754469347325959,0.3894160991327795287764213586259429910531231273444359566362663352649288,1.008021210275066309965069519416398662389685316963799651536455667415145e-57,18,,,,,,
7,0.02200000000000000000000000000000000000000000000000000000000000089455845,0.7999999999999999999999999999999999999999999999999999999999999688849236,minus,0.01713495597991492999352737975004498362228264268390741711433251496182218,0.02200083063083905861032436694650342684038262827148759133492858857710435,0.3894161149510527390717404759010393834548388846983666079049692307136230,3.896704766705477044043147543239110373135956285238084244882329359801336e-57,18,,,,,,
7,0.02200000000000000000000000000000000000000000000000000000000000089455845,0.7999999999999999999999999999999999999999999999999999999999999688849236,EVEN_DIAGNOSTIC,,,0.3894161070419161339240809172634911872539810060214012822706177829892759,,,-0.4692075797175390706537755020710631562134999362363433752008654598016227,1.026619931252082456832191231975867913254227760134921421358153971388036,0.1720298213176831518024590279598734464607948166959973275587146777642504,-0.004618096247831021738797039538522097822707408761293152674723904938726652,-0.0004617582586151922315478241387782558734996274293679081854028982953736068,0.0001696517793065835404981363355724914514972259517179236392749467041847467
7,0.02200000000000000000000000000000000000000000000000000000000000089455845,1.200000000000000000000000000000000000000000000000000000000000031115076,plus,0.02484491063276464205090044703370307129186341810952022027646049750899834,0.02200083471784377088403937598465642384902078266280319308754469347325959,0.5646356365882378132319673964039354068396465101916272966032902033570186,5.521396244953145392759535771835642009667746562848237150101919957035607e-55,18,,,,,,
7,0.02200000000000000000000000000000000000000000000000000000000000089455845,1.200000000000000000000000000000000000000000000000000000000000031115076,minus,0.02484490803836645620655071403808759941739686859960141528962730107661945,0.02200083063083905861032436694650342684038262827148759133492858857710435,0.5646356825169316651460967990914638847159008176675374159517172807037436,2.155495558738198278303514137160728356616326037982256022711337066352269e-54,18,,,,,,
7,0.02200000000000000000000000000000000000000000000000000000000000089455845,1.200000000000000000000000000000000000000000000000000000000000031115076,EVEN_DIAGNOSTIC,,,0.5646356595525847391890320977476996457777736639295823562775037031365356,,,-0.4692075797175390706537755020710631562134999362363433752008654598016227,1.026619931252082456832191231975867913254227760134921421358153971388036,0.1720298213176831518024590279598734464607948166959973275587146777642504,-0.01407778729767546363202110706949112606441832557346794656870737478169335,-0.0008258149649015901671939722462066372268948441777024732018721099699335926,0.0004724587742767581727228740666667668768423144126811409240086139982326497
7,0.02700000000000000000000000000000000000000000000000000000000000021391615,0.3999999999999999999999999999999999999999999999999999999999999844424618,plus,0.01072873303762580717617532547702194174259092494583449765712223851863807,0.02700154383617609012924457695854695145936080903694299297019691299490943,0.1986688817261567176350111653140919962936124583007790276272999969769669,3.655417194555112331393415305725808764436374921382265672984412542746189e-61,18,,,,,,
7,0.02700000000000000000000000000000000000000000000000000000000000021391615,0.3999999999999999999999999999999999999999999999999999999999999844424618,minus,0.01072872956947157706568957221861991152876591031638282313267299135116731,0.02700153456397721588930128662242427107106145943956492652942580722338390,0.1986688857266799536975224792070114173795190800315240814851581140537946,1.505009373393583752109787899267976350916801602779772826369329155824880e-60,18,,,,,,
7,0.02700000000000000000000000000000000000000000000000000000000000021391615,0.3999999999999999999999999999999999999999999999999999999999999844424618,EVEN_DIAGNOSTIC,,,0.1986688837264183356662668222605517068365657691661515545562290555153808,,,-0.4692075797175390706537755020710631562134999362363433752008654598016227,1.026619931252082456832191231975867913254227760134921421358153971388036,0.1720298213176831518024590279598734464607948166959973275587146777642504,-0.0006132058021646662067764015013351003949737155157721182582147733768798393,-0.00007831910010745283812481245773534977843592571590517692683581719293274507,0.00002291858323419462914592290930435810358999064297407749284342569467957886
7,0.02700000000000000000000000000000000000000000000000000000000000021391615,0.7999999999999999999999999999999999999999999999999999999999999688849236,plus,0.02102961027166317670100309948790026092297552638096980449956993390906495,0.02700154383617609012924457695854695145936080903694299297019691299490943,0.3894149608491673586880548316911056820381579376573084074497023243912550,2.841208426881309375359459363015236601482262417359000746692489024956545e-56,18,,,,,,
7,0.02700000000000000000000000000000000000000000000000000000000000021391615,0.7999999999999999999999999999999999999999999999999999999999999688849236,minus,0.02102960462946159420203745943524742436326125552418877155526591619744602,0.02700153456397721588930128662242427107106145943956492652942580722338390,0.3894149900931411957086999516461581666213150242395368241935835254184305,1.467326547061238672543296738018464317865846165882179713360561148199936e-55,18,,,,,,
7,0.02700000000000000000000000000000000000000000000000000000000000021391615,0.7999999999999999999999999999999999999999999999999999999999999688849236,EVEN_DIAGNOSTIC,,,0.3894149754711542771983773916686319243297364809484226158216429249048428,,,-0.4692075797175390706537755020710631562134999362363433752008654598016227,1.026619931252082456832191231975867913254227760134921421358153971388036,0.1720298213176831518024590279598734464607948166959973275587146777642504,-0.004618096247831021738797039538522097822707408761293152674723904938726652,-0.0004617582586151922315478241387782558734996274293679081854028982953736068,0.0001696478774244504160889913141484132347120239807562944059467062881031089
7,0.02700000000000000000000000000000000000000000000000000000000000021391615,1.200000000000000000000000000000000000000000000000000000000000031115076,plus,0.03049188046009046383958351509751373273474794370271985574385898095083560,0.02700154383617609012924457695854695145936080903694299297019691299490943,0.5646321677954964829733598240450567490400045347289979416788881232161085,1.547806799097766604580117832263036629920304218484915220565534367521558e-53,18,,,,,,
7,0.02700000000000000000000000000000000000000000000000000000000000021391615,1.200000000000000000000000000000000000000000000000000000000000031115076,minus,0.03049187457460983256590946966442076194307593844055697583025623090007527,0.02700153456397721588930128662242427107106145943956492652942580722338390,0.5646322527033164264679898027817276053767580039040816892138042709349961,8.115760813267059195863214973324367334838899046421652210046479378899295e-53,18,,,,,,
7,0.02700000000000000000000000000000000000000000000000000000000000021391615,1.200000000000000000000000000000000000000000000000000000000000031115076,EVEN_DIAGNOSTIC,,,0.5646322102494064547206748134133921772083812693165398154463461581817068,,,-0.4692075797175390706537755020710631562134999362363433752008654598016227,1.026619931252082456832191231975867913254227760134921421358153971388036,0.1720298213176831518024590279598734464607948166959973275587146777642504,-0.01407778729767546363202110706949112606441832557346794656870737478169335,-0.0008258149649015901671939722462066372268948441777024732018721099699335926,0.0004724419595244772547890042689395288537617513499883352603436243633125064
7,0.03299999999999999999999999999999999999999999999999999999999999891097233,0.3999999999999999999999999999999999999999999999999999999999999844424618,plus,0.01311325222874450106940223657254204888222341323420933833829875047591712,0.03300282056828694535826420627732126705749571308925577446572711172445555,0.1986686592682517742642753702221975101227044106465269449311461817020838,8.186546894681860400766087530030777222419638031106313139349421632221545e-60,18,,,,,,
7,0.03299999999999999999999999999999999999999999999999999999999999891097233,0.3999999999999999999999999999999999999999999999999999999999999844424618,minus,0.01311324448924775680475320706715360179095697132428428804343261114220538,0.03300279987626487927597995939398205371791959700543593422945739314048906,0.1986686665739322071152202265518460953277349908100939300976887547751353,5.478669909468932080950593626495385993272142001688418617925199058687145e-59,18,,,,,,
7,0.03299999999999999999999999999999999999999999999999999999999999891097233,0.3999999999999999999999999999999999999999999999999999999999999844424618,EVEN_DIAGNOSTIC,,,0.1986686629210919906897477983870218027252197007283104375144174682386095,,,-0.4692075797175390706537755020710631562134999362363433752008654598016227,1.026619931252082456832191231975867913254227760134921421358153971388036,0.1720298213176831518024590279598734464607948166959973275587146777642504,-0.0006132058021646662067764015013351003949737155157721182582147733768798393,-0.00007831910010745283812481245773534977843592571590517692683581719293274507,0.00002291816063223478342630189483765830572695395807219329780020965274587726
7,0.03299999999999999999999999999999999999999999999999999999999999891097233,0.7999999999999999999999999999999999999999999999999999999999999688849236,plus,0.02570347360642146015759002268640247161833098110060333227727190136436959,0.03300282056828694535826420627732126705749571308925577446572711172445555,0.3894132859529047312531027935663823478369944465033401161034401549775429,7.264795127784641017180716405504332935480113685280207810814260743324356e-55,18,,,,,,
7,0.03299999999999999999999999999999999999999999999999999999999999891097233,0.7999999999999999999999999999999999999999999999999999999999999688849236,minus,0.02570346101582745569710598686639059715003760769902238306769648956885078,0.03300279987626487927597995939398205371791959700543593422945739314048906,0.3894133393559890192744276008352966063995016231368586269565235557695749,5.301142245172715217945439797044054162366037565495984758581512055469648e-54,18,,,,,,
7,0.03299999999999999999999999999999999999999999999999999999999999891097233,0.7999999999999999999999999999999999999999999999999999999999999688849236,EVEN_DIAGNOSTIC,,,0.3894133126544468752637651972008394771182480348200993715299818553735589,,,-0.4692075797175390706537755020710631562134999362363433752008654598016227,1.026619931252082456832191231975867913254227760134921421358153971388036,0.1720298213176831518024590279598734464607948166959973275587146777642504,-0.004618096247831021738797039538522097822707408761293152674723904938726652,-0.0004617582586151922315478241387782558734996274293679081854028982953736068,0.0001696421441129654611037539203303024396055968468349294577571068920843827
7,0.03299999999999999999999999999999999999999999999999999999999999891097233,1.200000000000000000000000000000000000000000000000000000000000031115076,plus,0.03726857137449183115775470980046215785720143691701532811542314971173544,0.03300282056828694535826420627732126705749571308925577446572711172445555,0.5646270641834766243443692866327618391891277561759458210899413999531546,3.925964611735832542743305406084136815250368071812842562531395194187715e-52,18,,,,,,
7,0.03299999999999999999999999999999999999999999999999999999999999891097233,1.200000000000000000000000000000000000000000000000000000000000031115076,minus,0.03726855824177215029824767564127230571326708984790421677461392846184555,0.03300279987626487927597995939398205371791959700543593422945739314048906,0.5646272192283773584185232726564992125090893977692587335374136516395754,2.931509191045172586003882788189098091091741992512357213731919092642611e-51,18,,,,,,
7,0.03299999999999999999999999999999999999999999999999999999999999891097233,1.200000000000000000000000000000000000000000000000000000000000031115076,EVEN_DIAGNOSTIC,,,0.5646271417059269913814462796446305258491085769726022773136774869025195,,,-0.4692075797175390706537755020710631562134999362363433752008654598016227,1.026619931252082456832191231975867913254227760134921421358153971388036,0.1720298213176831518024590279598734464607948166959973275587146777642504,-0.01407778729767546363202110706949112606441832557346794656870737478169335,-0.0008258149649015901671939722462066372268948441777024732018721099699335926,0.0004724172539309936539464067568570647928787422743425512913434867381735318
7,0.03999999999999999999999999999999999999999999999999999999999999941659232,0.3999999999999999999999999999999999999999999999999999999999999844424618,plus,0.01589546483355185687283164355138637584765792846830531853476374658897250,0.04000502696322096732463632773402174188224248235139246321032897804109763,0.1986683429580676926834957458277191661415910925248085701465145772645581,1.751699796164163660938979371513703737874753529890113160096104168694636e-58,18,,,,,,
7,0.03999999999999999999999999999999999999999999999999999999999999941659232,0.3999999999999999999999999999999999999999999999999999999999999844424618,minus,0.01589544812586784224682409939510440831941064245298332543933435495506266,0.04000498229333909047141437531929206564662768549491160518565692946830231,0.1986683559726817594102254215733736327414581537463562326682823764191949,1.754890520912751130135498917225561371180448510517188953712877411671430e-57,18,,,,,,
7,0.03999999999999999999999999999999999999999999999999999999999999941659232,0.3999999999999999999999999999999999999999999999999999999999999844424618,EVEN_DIAGNOSTIC,,,0.1986683494653747260468605837005463994415246231355824014073984768418765,,,-0.4692075797175390706537755020710631562134999362363433752008654598016227,1.026619931252082456832191231975867913254227760134921421358153971388036,0.1720298213176831518024590279598734464607948166959973275587146777642504,-0.0006132058021646662067764015013351003949737155157721182582147733768798393,-0.00007831910010745283812481245773534977843592571590517692683581719293274507,0.00002291756065870713478483326036261824613575818541713120989245330913568419
7,0.03999999999999999999999999999999999999999999999999999999999999941659232,0.7999999999999999999999999999999999999999999999999999999999999688849236,plus,0.03115678747725298065976685524331233802824001877560197159980073038121056,0.04000502696322096732463632773402174188224248235139246321032897804109763,0.3894109046082795223363870294419517887496809084979601377183536767099764,1.554436577129149425583103683243436617430782338461918141205631404870810e-53,18,,,,,,
7,0.03999999999999999999999999999999999999999999999999999999999999941659232,0.7999999999999999999999999999999999999999999999999999999999999688849236,minus,0.03115676029871758929898081851283843482396964300665627770946245291443933,0.04000498229333909047141437531929206564662768549491160518565692946830231,0.3894109997382157593951177627762570700326418865412017726066644180012156,1.710878147136099967109503421656384002617298916218174721953809305338862e-52,18,,,,,,
7,0.03999999999999999999999999999999999999999999999999999999999999941659232,0.7999999999999999999999999999999999999999999999999999999999999688849236,EVEN_DIAGNOSTIC,,,0.3894109521732476408657523961091044293911613975195809551625090473555960,,,-0.4692075797175390706537755020710631562134999362363433752008654598016227,1.026619931252082456832191231975867913254227760134921421358153971388036,0.1720298213176831518024590279598734464607948166959973275587146777642504,-0.004618096247831021738797039538522097822707408761293152674723904938726652,-0.0004617582586151922315478241387782558734996274293679081854028982953736068,0.0001696340061315496433326648991583452364956904962853022004059896113600792
7,0.03999999999999999999999999999999999999999999999999999999999999941659232,1.200000000000000000000000000000000000000000000000000000000000031115076,plus,0.04517526134499876829546610249313703908704355314825990950565492286534751,0.04000502696322096732463632773402174188224248235139246321032897804109763,0.5646198087371758189898291468638426530704133682930176272894436972668488,8.390218461479819902948931495104773026097574052036176106347847695552105e-51,18,,,,,,
7,0.03999999999999999999999999999999999999999999999999999999999999941659232,1.200000000000000000000000000000000000000000000000000000000000031115076,minus,0.04517523299851547748262274890172441235149088920979705325684182271370383,0.04000498229333909047141437531929206564662768549491160518565692946830231,0.5646200849092394685277526569224011412243109653443629561569100580954092,9.458710482568022558478180439114422067605919050078627798624623735477921e-50,18,,,,,,
7,0.03999999999999999999999999999999999999999999999999999999999999941659232,1.200000000000000000000000000000000000000000000000000000000000031115076,EVEN_DIAGNOSTIC,,,0.5646199468232076437587909018931218971473621668186902917231768776811290,,,-0.4692075797175390706537755020710631562134999362363433752008654598016227,1.026619931252082456832191231975867913254227760134921421358153971388036,0.1720298213176831518024590279598734464607948166959973275587146777642504,-0.01407778729767546363202110706949112606441832557346794656870737478169335,-0.0008258149649015901671939722462066372268948441777024732018721099699335926,0.0004723821893866010796738589180098759756487217606817115544591913004540424
8,0.01500000000000000000000000000000000000000000000000000000000000038893845,0.3999999999999999999999999999999999999999999999999999999999999844424618,plus,0.005960017335512200416052421658085287488570079768053538854085230703026505,0.01499983601772499468240876863597566189602366641764279582685822293341698,0.1986694164012650444149212372964107812772501950677387747235687793646553,0.0,18,,,,,,
8,0.01500000000000000000000000000000000000000000000000000000000000038893845,0.3999999999999999999999999999999999999999999999999999999999999844424618,minus,0.005960017007395883042957263701542846839876788060539566760268252667834317,0.01499983514052427331225609787484678310269699537795400856082280046282653,0.1986694170822589752903729411150313298901786349477793733212723985682976,0.0,18,,,,,,
8,0.01500000000000000000000000000000000000000000000000000000000000038893845,0.3999999999999999999999999999999999999999999999999999999999999844424618,EVEN_DIAGNOSTIC,,,0.1986694167417620098526470892057210555837144150077590740224205986899378,,,0.2923203511198540030068941947873924031326488732893987748325122124080273,-0.5181264786698615169882077429840627897439690207155545384808939104950646,-0.4625638521152338525049126052812570776527889780695371306170379375995776,0.0003820324801773581850714023354781224350472783518627543978699718191730278,-0.0002095322632176730223997379108023430492450241137378739472119001359192376,0.00002855971797138267588954691497759762557776015494872149219164004976529062
8,0.01500000000000000000000000000000000000000000000000000000000000038893845,0.7999999999999999999999999999999999999999999999999999999999999688849236,plus,0.01168244189725644476379644502419719134868165780602646614572980357785498,0.01499983601772499468240876863597566189602366641764279582685822293341698,0.3894189870959771097759348401907976844499092741443109744520331060137207,2.537545646976389560922226071592701375812050380463444795976151547029859e-61,18,,,,,,
8,0.01500000000000000000000000000000000000000000000000000000000000038893845,0.7999999999999999999999999999999999999999999999999999999999999688849236,minus,0.01168244136341105777798822575262700418363010738549831149079284309413075,0.01499983514052427331225609787484678310269699537795400856082280046282653,0.3894189920744266862764881075021539055051303820675519384138021824174097,5.491206041851504910377012118925274336662617944447994365419641339505131e-62,18,,,,,,
8,0.01500000000000000000000000000000000000000000000000000000000000038893845,0.7999999999999999999999999999999999999999999999999999999999999688849236,EVEN_DIAGNOSTIC,,,0.3894189895852018980262114738464757949775198281059314564329176442155652,,,0.2923203511198540030068941947873924031326488732893987748325122124080273,-0.5181264786698615169882077429840627897439690207155545384808939104950646,-0.4625638521152338525049126052812570776527889780695371306170379375995776,0.002877113616715051301940726384208221113313350063076510857695811808761427,-0.001462007737697268070692396587250274866325426083004352209723456798578781,0.0001569004581378516224228928837806762959069018794869336343726667545554552
8,0.01500000000000000000000000000000000000000000000000000000000000038893845,1.200000000000000000000000000000000000000000000000000000000000031115076,plus,0.01693914799711295967880240376605067796772702431619213702651673949339772,0.01499983601772499468240876863597566189602366641764279582685822293341698,0.5646444393490808935835740181015789399837685905144085347470488921448434,1.300407650280186392170727466242470359110026450762776626898611670436856e-58,18,,,,,,
8,0.01500000000000000000000000000000000000000000000000000000000000038893845,1.200000000000000000000000000000000000000000000000000000000000031115076,minus,0.01693914744017775768427026547537459160729977448097591636786765690096396,0.01499983514052427331225609787484678310269699537795400856082280046282653,0.5646444538051670095949909608266713423439146954039404898176297567101458,3.761308175485844062090748100885467234190815784498355467596516827737933e-59,18,,,,,,
8,0.01500000000000000000000000000000000000000000000000000000000000038893845,1.200000000000000000000000000000000000000000000000000000000000031115076,EVEN_DIAGNOSTIC,,,0.5646444465771239515892824894641251411638416429591745122823392855336491,,,0.2923203511198540030068941947873924031326488732893987748325122124080273,-0.5181264786698615169882077429840627897439690207155545384808939104950646,-0.4625638521152338525049126052812570776527889780695371306170379375995776,0.008770582368521111745096361899492046611423499360093422724466332481292409,-0.003929822604563052432474276733237827809047413052637563933965705057382704,0.0002586771313186517904072835012144206917536156038004079810794803801778283
8,0.01800000000000000000000000000000000000000000000000000000000000095289921,0.3999999999999999999999999999999999999999999999999999999999999844424618,plus,0.007151987815221232100479693154878476713549699626849221292139550827795514,0.01799971679729190773199877695993410125817325167638037093218098317626958,0.1986694539632218692688360885031673069067517144250766498764642763557823,0.0,18,,,,,,
8,0.01800000000000000000000000000000000000000000000000000000000000095289921,0.3999999999999999999999999999999999999999999999999999999999999844424618,minus,0.007151987134841996845285448675831059272887980899745771661867541383549263,0.01799971497833824210811165153550163260203640708997548633703752661829919,0.1986694551399579415784009076658092317058417722738321727110685625914712,0.0,18,,,,,,
8,0.01800000000000000000000000000000000000000000000000000000000000095289921,0.3999999999999999999999999999999999999999999999999999999999999844424618,EVEN_DIAGNOSTIC,,,0.1986694545515899054236184980844882693062967433494544112937664097501654,,,0.2923203511198540030068941947873924031326488732893987748325122124080273,-0.5181264786698615169882077429840627897439690207155545384808939104950646,-0.4625638521152338525049126052812570776527889780695371306170379375995776,0.0003820324801773581850714023354781224350472783518627543978699718191730278,-0.0002095322632176730223997379108023430492450241137378739472119001359192376,0.00002855925247202391636345064667992391819644427522797740842098537203658898
8,0.01800000000000000000000000000000000000000000000000000000000000095289921,0.7999999999999999999999999999999999999999999999999999999999999688849236,plus,0.01401887315220863351435280042209483853637971965546748232350338356317520,0.01799971679729190773199877695993410125817325167638037093218098317626958,0.3894192700386763902518077439869598801362498362759688582804094052877653,6.829217533200537872276828178732013561900182178797890734466463791096642e-60,18,,,,,,
8,0.01800000000000000000000000000000000000000000000000000000000000095289921,0.7999999999999999999999999999999999999999999999999999999999999688849236,minus,0.01401887204522723034886269875688452029931790860399159336074078757093215,0.01799971497833824210811165153550163260203640708997548633703752661829919,0.3894192786413074488564490485261900871523414208044645219146276521507938,1.097003065089179841884845737458739858359925447667709276391429329030414e-60,18,,,,,,
8,0.01800000000000000000000000000000000000000000000000000000000000095289921,0.7999999999999999999999999999999999999999999999999999999999999688849236,EVEN_DIAGNOSTIC,,,0.3894192743399919195541283962565749836442956285402166900975185287192795,,,0.2923203511198540030068941947873924031326488732893987748325122124080273,-0.5181264786698615169882077429840627897439690207155545384808939104950646,-0.4625638521152338525049126052812570776527889780695371306170379375995776,0.002877113616715051301940726384208221113313350063076510857695811808761427,-0.001462007737697268070692396587250274866325426083004352209723456798578781,0.0001568989932332462154271279284643644066111843088105741739613087887207570
8,0.01800000000000000000000000000000000000000000000000000000000000095289921,1.200000000000000000000000000000000000000000000000000000000000031115076,plus,0.02032691105964827343304991452954530498603962528699418468024867658146480,0.01799971679729190773199877695993410125817325167638037093218098317626958,0.5646453021612677980284168060643242132433093011092492517337770147911759,3.438161841898540548059863026074371635451642738906598751837106213512646e-57,18,,,,,,
8,0.01800000000000000000000000000000000000000000000000000000000000095289921,1.200000000000000000000000000000000000000000000000000000000000031115076,minus,0.02032690990478147198345711255753300459095625417325482354693201130525702,0.01799971497833824210811165153550163260203640708997548633703752661829919,0.5646453271411211990326300550787027077051540840589458191642601349444399,6.816347219377816748147559321444249090057737216458025224382133545630797e-58,18,,,,,,
8,0.01800000000000000000000000000000000000000000000000000000000000095289921,1.200000000000000000000000000000000000000000000000000000000000031115076,EVEN_DIAGNOSTIC,,,0.5646453146511944985305234305715134604742316925840975354490185359739624,,,0.2923203511198540030068941947873924031326488732893987748325122124080273,-0.5181264786698615169882077429840627897439690207155545384808939104950646,-0.4625638521152338525049126052812570776527889780695371306170379375995776,0.008770582368521111745096361899492046611423499360093422724466332481292409,-0.003929822604563052432474276733237827809047413052637563933965705057382704,0.0002586783499828133267554714921234923865703921469764714738461792984241842
8,0.02200000000000000000000000000000000000000000000000000000000000089455845,0.3999999999999999999999999999999999999999999999999999999999999844424618,plus,0.008741253344820171629364003386189554808945704752251213924070272058413604,0.02199948332158027474723315272440080987056019880842577187910405444539174,0.1986695145754965575143005549318888148181999225235027337088206157121102,2.833753878050365071402739512794890620660670147397595758828558120927575e-63,18,,,,,,
8,0.02200000000000000000000000000000000000000000000000000000000000089455845,0.3999999999999999999999999999999999999999999999999999999999999844424618,minus,0.008741251826550538600895053139945118551444321941843446145679104025853302,0.02199947926258470915132519679811463874092009711086078757476750546946432,0.1986695167239047813026232353904098178508615158725677314865917033431645,0.0,18,,,,,,
8,0.02200000000000000000000000000000000000000000000000000000000000089455845,0.3999999999999999999999999999999999999999999999999999999999999844424618,EVEN_DIAGNOSTIC,,,0.1986695156497006694084618951611493163345307191980352325977061595276374,,,0.2923203511198540030068941947873924031326488732893987748325122124080273,-0.5181264786698615169882077429840627897439690207155545384808939104950646,-0.4625638521152338525049126052812570776527889780695371306170379375995776,0.0003820324801773581850714023354781224350472783518627543978699718191730278,-0.0002095322632176730223997379108023430492450241137378739472119001359192376,0.00002855850016335363365802978611712459246654350634311787920499324989375761
8,0.02200000000000000000000000000000000000000000000000000000000000089455845,0.7999999999999999999999999999999999999999999999999999999999999688849236,plus,0.01713406556244926183435625404477733042331644051156485662422612896951218,0.02199948332158027474723315272440080987056019880842577187910405444539174,0.3894197266360726855970862786554979953585193168715267740381347006513387,2.660612909854723492442895523589365310506053595563991065141351448483032e-58,18,,,,,,
8,0.02200000000000000000000000000000000000000000000000000000000000089455845,0.7999999999999999999999999999999999999999999999999999999999999688849236,minus,0.01713406309219999311734904258865397926530719041354803410156139336186975,0.02199947926258470915132519679811463874092009711086078757476750546946432,0.3894197423422766865498860228519429338498607424631992263346887731665043,2.494416136244085312251320089832871930214176284887570524944194820284562e-59,18,,,,,,
8,0.02200000000000000000000000000000000000000000000000000000000000089455845,0.7999999999999999999999999999999999999999999999999999999999999688849236,EVEN_DIAGNOSTIC,,,0.3894197344891746860734861507537204646041900296673630001864117174619987,,,0.2923203511198540030068941947873924031326488732893987748325122124080273,-0.5181264786698615169882077429840627897439690207155545384808939104950646,-0.4625638521152338525049126052812570776527889780695371306170379375995776,0.002877113616715051301940726384208221113313350063076510857695811808761427,-0.001462007737697268070692396587250274866325426083004352209723456798578781,0.0001568966256620204455570731036374104524077612517220115853179014131441125
8,0.02200000000000000000000000000000000000000000000000000000000000089455845,1.200000000000000000000000000000000000000000000000000000000000031115076,plus,0.02484387108231799699824017190336822378399812781760526905643606643797452,0.02199948332158027474723315272440080987056019880842577187910405444539174,0.5646466946327674747628233915002654883716033905136013734010553406021084,1.312352472879186725200669505551855860515451554540896988558108217628581e-55,18,,,,,,
8,0.02200000000000000000000000000000000000000000000000000000000000089455845,1.200000000000000000000000000000000000000000000000000000000000031115076,minus,0.02484386850518859555952827223304356244515252712220231182657167056278980,0.02199947926258470915132519679811463874092009711086078757476750546946432,0.5646467402399255782657129688272236977182481855116958435460730203685639,1.571268475988851875421335510622837818134425677219468462303023572009811e-56,18,,,,,,
8,0.02200000000000000000000000000000000000000000000000000000000000089455845,1.200000000000000000000000000000000000000000000000000000000000031115076,EVEN_DIAGNOSTIC,,,0.5646467174363465265142681801637445930449257880126486084735642193791816,,,0.2923203511198540030068941947873924031326488732893987748325122124080273,-0.5181264786698615169882077429840627897439690207155545384808939104950646,-0.4625638521152338525049126052812570776527889780695371306170379375995776,0.008770582368521111745096361899492046611423499360093422724466332481292409,-0.003929822604563052432474276733237827809047413052637563933965705057382704,0.0002586803192258699356589877324147785573830111142521239542885011835480575
8,0.02700000000000000000000000000000000000000000000000000000000000021391615,0.3999999999999999999999999999999999999999999999999999999999999844424618,plus,0.01072777965699194240738400428744024181263598906231922025296693924017410,0.02699904582335789032388492246355876734477119824920960478765534724206461,0.1986696071998021614537845967484814041639948018289305011429393059669382,1.330801864031993177628312871154638462596899193701752343806706953991525e-61,18,,,,,,
8,0.02700000000000000000000000000000000000000000000000000000000000021391615,0.3999999999999999999999999999999999999999999999999999999999999844424618,minus,0.01072777621262923806330811134872642195693026870733443198532309992157706,0.02699903661510688869637617624647228547515210296055017754157778979252017,0.1986696111709904244635740195000806490196488652723474210481255029950863,0.0,18,,,,,,
8,0.02700000000000000000000000000000000000000000000000000000000000021391615,0.3999999999999999999999999999999999999999999999999999999999999844424618,EVEN_DIAGNOSTIC,,,0.1986696091853962929586793081242810265918218335506389610955324044810123,,,0.2923203511198540030068941947873924031326488732893987748325122124080273,-0.5181264786698615169882077429840627897439690207155545384808939104950646,-0.4625638521152338525049126052812570776527889780695371306170379375995776,0.0003820324801773581850714023354781224350472783518627543978699718191730278,-0.0002095322632176730223997379108023430492450241137378739472119001359192376,0.00002855734822308959175318093480581760955835557305757752185150556464209244
8,0.02700000000000000000000000000000000000000000000000000000000000021391615,0.7999999999999999999999999999999999999999999999999999999999999688849236,plus,0.02102795976755634385807824139154415067719086415777038856085539448416086,0.02699904582335789032388492246355876734477119824920960478765534724206461,0.3894204244315231453582291623547128382449242989912057497827898696776073,1.177416174104977036719995565987766394354798738651997953452372524762566e-56,18,,,,,,
8,0.02700000000000000000000000000000000000000000000000000000000000021391615,0.7999999999999999999999999999999999999999999999999999999999999688849236,minus,0.02102795416347111604654613325956583383981306857520935763442435602623311,0.02699903661510688869637617624647228547515210296055017754157778979252017,0.3894204534636108673857628996083032030439814590565494941024376539633446,5.531479974974344685483114432505615579514399317315651861537655812823375e-58,18,,,,,,
8,0.02700000000000000000000000000000000000000000000000000000000000021391615,0.7999999999999999999999999999999999999999999999999999999999999688849236,EVEN_DIAGNOSTIC,,,0.3894204389475670063719960309815080206444528790238776219426137618204760,,,0.2923203511198540030068941947873924031326488732893987748325122124080273,-0.5181264786698615169882077429840627897439690207155545384808939104950646,-0.4625638521152338525049126052812570776527889780695371306170379375995776,0.002877113616715051301940726384208221113313350063076510857695811808761427,-0.001462007737697268070692396587250274866325426083004352209723456798578781,0.0001568930002021657484062568076372836919668103259904817262210702720974717
8,0.02700000000000000000000000000000000000000000000000000000000000021391615,1.200000000000000000000000000000000000000000000000000000000000031115076,plus,0.03048995888767894531295785977405023209417771419590257742501048009831548,0.02699904582335789032388492246355876734477119824920960478765534724206461,0.5646488229095291723030977376758156050269592298725410346406280289948994,5.663812287928030673608751261477292540311497562783451611363367573239123e-54,18,,,,,,
8,0.02700000000000000000000000000000000000000000000000000000000000021391615,1.200000000000000000000000000000000000000000000000000000000000031115076,minus,0.03048995304104222761271726810989105344555301327314102281061886292405521,0.02699903661510688869637617624647228547515210296055017754157778979252017,0.5646489072128975747439429491032437165040537372832692392313063577762433,3.601756504200843005478467026683596787593224101387321872565406428449988e-55,18,,,,,,
8,0.02700000000000000000000000000000000000000000000000000000000000021391615,1.200000000000000000000000000000000000000000000000000000000000031115076,EVEN_DIAGNOSTIC,,,0.5646488650612133735235203433895296607655064835779051369359671933855713,,,0.2923203511198540030068941947873924031326488732893987748325122124080273,-0.5181264786698615169882077429840627897439690207155545384808939104950646,-0.4625638521152338525049126052812570776527889780695371306170379375995776,0.008770582368521111745096361899492046611423499360093422724466332481292409,-0.003929822604563052432474276733237827809047413052637563933965705057382704,0.0002586833338746579549362071614212420259634175240916499810511746026246861
8,0.03299999999999999999999999999999999999999999999999999999999999891097233,0.3999999999999999999999999999999999999999999999999999999999999844424618,plus,0.01311151162524785173446858434956690879190480830211250302887853286700879,0.03299825990166334842850553408147573536741391944620848519975506831675244,0.1986697429549449927963803333813785520197931033788752088907440186593995,6.371118175100971588955985898695099486500268795600136787098021305480272e-60,18,,,,,,
8,0.03299999999999999999999999999999999999999999999999999999999999891097233,0.3999999999999999999999999999999999999999999999999999999999999844424618,minus,0.01311150393919844057341188044978739259531229147811359263861090069686691,0.03299823935367143946387498077651037721501110580284518808223631485546933,0.1986697502050155995830444632419575830306868873181881674316941841941693,1.096511297391885151704694816543095886597096131204146622569178320466270e-61,18,,,,,,
8,0.03299999999999999999999999999999999999999999999999999999999999891097233,0.3999999999999999999999999999999999999999999999999999999999999844424618,EVEN_DIAGNOSTIC,,,0.1986697465799802961897123983116680675252399953485316881612191111502458,,,0.2923203511198540030068941947873924031326488732893987748325122124080273,-0.5181264786698615169882077429840627897439690207155545384808939104950646,-0.4625638521152338525049126052812570776527889780695371306170379375995776,0.0003820324801773581850714023354781224350472783518627543978699718191730278,-0.0002095322632176730223997379108023430492450241137378739472119001359192376,0.00002855565564726509562744284858602685631868553405605707232578322830316460
8,0.03299999999999999999999999999999999999999999999999999999999999891097233,0.7999999999999999999999999999999999999999999999999999999999999688849236,plus,0.02570046025527347800240585760492269359948838980803951431070452644283669,0.03299825990166334842850553408147573536741391944620848519975506831675244,0.3894214472499804587845349708779310924039795951171361746673690330127186,5.127635566055134660541654653815383477006583885199170802663719516225465e-55,18,,,,,,
8,0.03299999999999999999999999999999999999999999999999999999999999891097233,0.7999999999999999999999999999999999999999999999999999999999999688849236,minus,0.02570044774966371804079908319341058077101622442458313723122730654250828,0.03299823935367143946387498077651037721501110580284518808223631485546933,0.3894215002535316041426108642810587843692340908727484042427183700871441,1.045747498988547245438072742384344534540140818626074851307234287301578e-56,18,,,,,,
8,0.03299999999999999999999999999999999999999999999999999999999999891097233,0.7999999999999999999999999999999999999999999999999999999999999688849236,EVEN_DIAGNOSTIC,,,0.3894214737517560314635729175794949383866068429949422894550437015499313,,,0.2923203511198540030068941947873924031326488732893987748325122124080273,-0.5181264786698615169882077429840627897439690207155545384808939104950646,-0.4625638521152338525049126052812570776527889780695371306170379375995776,0.002877113616715051301940726384208221113313350063076510857695811808761427,-0.001462007737697268070692396587250274866325426083004352209723456798578781,0.0001568876727404107970988509968902535439346462037380079202900749554777413
8,0.03299999999999999999999999999999999999999999999999999999999999891097233,1.200000000000000000000000000000000000000000000000000000000000031115076,plus,0.03726506313435793144666042148720278868970677296365124768368728489137487,0.03299825990166334842850553408147573536741391944620848519975506831675244,0.5646519429419898835751958961398452722525574414248142080931123260975206,2.394820588843208978068211787579691561628676786378250671248095486460388e-52,18,,,,,,
8,0.03299999999999999999999999999999999999999999999999999999999999891097233,1.200000000000000000000000000000000000000000000000000000000000031115076,minus,0.03726505008722864842956570878025044823109304527819185722464537520534485,0.03299823935367143946387498077651037721501110580284518808223631485546933,0.5646520968562293376729851507137697506654471756831015306983100407325134,7.098405259207569371679587313272453654168845615263606722781131532613789e-54,18,,,,,,
8,0.03299999999999999999999999999999999999999999999999999999999999891097233,1.200000000000000000000000000000000000000000000000000000000000031115076,EVEN_DIAGNOSTIC,,,0.5646520198991096106240905234268075114590023085539578693957111834150170,,,0.2923203511198540030068941947873924031326488732893987748325122124080273,-0.5181264786698615169882077429840627897439690207155545384808939104950646,-0.4625638521152338525049126052812570776527889780695371306170379375995776,0.008770582368521111745096361899492046611423499360093422724466332481292409,-0.003929822604563052432474276733237827809047413052637563933965705057382704,0.0002586877619063671894814104123494343531179683722305171393083337964645217
8,0.03999999999999999999999999999999999999999999999999999999999999941659232,0.3999999999999999999999999999999999999999999999999999999999999844424618,plus,0.01589236517689129825220091588350235899925417438057357660044482030119715,0.03999690535069630153624059908654220558235544636777522017660159680447664,0.1986699350555458647531704926243083699629001724876839141667039353906304,2.634742366327572140647734202171677653033153840695338142072920449683795e-58,18,,,,,,
8,0.03999999999999999999999999999999999999999999999999999999999999941659232,0.3999999999999999999999999999999999999999999999999999999999999844424618,minus,0.01589234858567292728728842137981223240691333592001435120021120928796397,0.03999686099579933731826461167407019334406824536174129274054472689160438,0.1986699479659418542881916172541064741620039661530343110797647164802992,1.479724556381281488751465602310588326038774449589146943810102168211590e-60,18,,,,,,
8,0.03999999999999999999999999999999999999999999999999999999999999941659232,0.3999999999999999999999999999999999999999999999999999999999999844424618,EVEN_DIAGNOSTIC,,,0.1986699415107438595206810549392074220624520693203591126232343259354648,,,0.2923203511198540030068941947873924031326488732893987748325122124080273,-0.5181264786698615169882077429840627897439690207155545384808939104950646,-0.4625638521152338525049126052812570776527889780695371306170379375995776,0.0003820324801773581850714023354781224350472783518627543978699718191730278,-0.0002095322632176730223997379108023430492450241137378739472119001359192376,0.00002855325327520774424071248787780034229796372040015993651231527970339681
8,0.03999999999999999999999999999999999999999999999999999999999999941659232,0.7999999999999999999999999999999999999999999999999999999999999688849236,plus,0.03115142132583203295871655144599852049935880565938758010264458572840087,0.03999690535069630153624059908654220558235544636777522017660159680447664,0.3894228947551528688329633893478048814289080995653635481552784054173508,2.039239383277559038379550898641011269959539267009866115583840405353574e-53,18,,,,,,
8,0.03999999999999999999999999999999999999999999999999999999999999941659232,0.7999999999999999999999999999999999999999999999999999999999999688849236,minus,0.03115139433052467205808901923435047059268797462742203109709985144831241,0.03999686099579933731826461167407019334406824536174129274054472689160438,0.3894229891415271475164305532166450732171232115016886344759350021341026,1.556784654317377671018937274007374420601409102007558701662798456854385e-55,18,,,,,,
8,0.03999999999999999999999999999999999999999999999999999999999999941659232,0.7999999999999999999999999999999999999999999999999999999999999688849236,EVEN_DIAGNOSTIC,,,0.3894229419483400081746969712822249773230156555335260913156067232226494,,,0.2923203511198540030068941947873924031326488732893987748325122124080273,-0.5181264786698615169882077429840627897439690207155545384808939104950646,-0.4625638521152338525049126052812570776527889780695371306170379375995776,0.002877113616715051301940726384208221113313350063076510857695811808761427,-0.001462007737697268070692396587250274866325426083004352209723456798578781,0.0001568801101827075920020124357611886041399038753728282213453376240878714
8,0.03999999999999999999999999999999999999999999999999999999999999941659232,1.200000000000000000000000000000000000000000000000000000000000031115076,plus,0.04516901391098218679960178432201114534228555324846401700857160436053835,0.03999690535069630153624059908654220558235544636777522017660159680447664,0.5646563592224997554573617033919302057373344479221158305076771572846805,9.208809027676727121997401906907414870990781839597110210016589438299871e-51,18,,,,,,
8,0.03999999999999999999999999999999999999999999999999999999999999941659232,1.200000000000000000000000000000000000000000000000000000000000031115076,minus,0.04516898574591841656174993949317239896915320510517002655816625949836131,0.03999686099579933731826461167407019334406824536174129274054472689160438,0.5646566333125777127466442491257067201208955473508847532302403463084837,1.112681495944691273242364449226987937749992530424230366859659138425662e-52,18,,,,,,
8,0.03999999999999999999999999999999999999999999999999999999999999941659232,1.200000000000000000000000000000000000000000000000000000000000031115076,EVEN_DIAGNOSTIC,,,0.5646564962675387341020029762588184629291149976365002918689587906904276,,,0.2923203511198540030068941947873924031326488732893987748325122124080273,-0.5181264786698615169882077429840627897439690207155545384808939104950646,-0.4625638521152338525049126052812570776527889780695371306170379375995776,0.008770582368521111745096361899492046611423499360093422724466332481292409,-0.003929822604563052432474276733237827809047413052637563933965705057382704,0.0002586940438670907117357923909882388195189907520745604903339071188904230
9,0.01500000000000000000000000000000000000000000000000000000000000038893845,0.3999999999999999999999999999999999999999999999999999999999999844424618,plus,0.005960115105931990044693271806139991817317720783866047879365969550846102,0.01500009221514194068327312661282676175143221802232783841684240245449060,0.1986692821766626565161485449461194104485988638815336924064975248048997,8.187010198417606474344950611701857745676924981732138022174193439581696e-55,18,,,,,,
9,0.01500000000000000000000000000000000000000000000000000000000000038893845,0.3999999999999999999999999999999999999999999999999999999999999844424618,minus,0.005960113894596172450706543727583329856262535224462605077970266482145498,0.01500008897668993396592415086343839771938470941324503341493248777483881,0.1986692846908495256554536760470540765467263395712665926029799481209218,1.644935314021354219826790815196134777381093360107756469385079490729955e-54,18,,,,,,
9,0.01500000000000000000000000000000000000000000000000000000000000038893845,0.3999999999999999999999999999999999999999999999999999999999999844424618,EVEN_DIAGNOSTIC,,,0.1986692834337560910858011104965867434976626017264001425047387364629107,,,-0.1610566894563917752520802706547406410485137790593842650715622209821243,0.04320561357498799357768832038333807302564964436702650792202273631399646,-0.07185136809628721379094042059104154712214722422639709887148037593394345,-0.0002104844438181196653135778085469291009825449267046661218802723484247494,-0.00004553425378428280857342284538164751699531753211425478058252747296153983,-0.000008225962798694783346152300729871566204915752706805108731999747139247253
9,0.01500000000000000000000000000000000000000000000000000000000000038893845,0.7999999999999999999999999999999999999999999999999999999999999688849236,plus,0.01168261111363548426719907469535709479678762165862993418248206619059985,0.01500009221514194068327312661282676175143221802232783841684240245449060,0.3894179764389180376745409895302693592015909296302793156463090590517986,7.513309437825916603607119871868330135864214576782020965613705496247957e-50,18,,,,,,
9,0.01500000000000000000000000000000000000000000000000000000000000038893845,0.7999999999999999999999999999999999999999999999999999999999999688849236,minus,0.01168260914281422992423991005101343725924353424392735098175478889021290,0.01500008897668993396592415086343839771938470941324503341493248777483881,0.3894179948188623504970566043320224312687783305259154803664129006354818,1.549306598919485812070049431433488258455616221246661960478509650769464e-49,18,,,,,,
9,0.01500000000000000000000000000000000000000000000000000000000000038893845,0.7999999999999999999999999999999999999999999999999999999999999688849236,EVEN_DIAGNOSTIC,,,0.3894179856288901940857987969311458952351846300780973980063609798436402,,,-0.1610566894563917752520802706547406410485137790593842650715622209821243,0.04320561357498799357768832038333807302564964436702650792202273631399646,-0.07185136809628721379094042059104154712214722422639709887148037593394345,-0.001585173226984948624314993284330683469534865255320496477867089771681998,-0.0003117829448309061678510794727349260396812735534444684754451449151360175,-0.00001882118038863044033989766929183098509312304234806372813437305982280709
9,0.01500000000000000000000000000000000000000000000000000000000000038893845,1.200000000000000000000000000000000000000000000000000000000000031115076,plus,0.01693934491944952178299895839132150595777200122880075090383083031229071,0.01500009221514194068327312661282676175143221802232783841684240245449060,0.5646413594161104503009676607633025573907057134295947966839737272549814,4.108619707631223827733501601054678560132799645906744005270194514102410e-47,18,,,,,,
9,0.01500000000000000000000000000000000000000000000000000000000000038893845,1.200000000000000000000000000000000000000000000000000000000000031115076,minus,0.01693934286342173668311260436047175227606844361394642970372726476917310,0.01500008897668993396592415086343839771938470941324503341493248777483881,0.5646414127857972682140163277209976529192859235738003097160343922833295,8.664612423544113523427089077093395919278550442064824553921966235058057e-47,18,,,,,,
9,0.01500000000000000000000000000000000000000000000000000000000000038893845,1.200000000000000000000000000000000000000000000000000000000000031115076,EVEN_DIAGNOSTIC,,,0.5646413861009538592574919942421501051549958185016975532000040597691554,,,-0.1610566894563917752520802706547406410485137790593842650715622209821243,0.04320561357498799357768832038333807302564964436702650792202273631399646,-0.07185136809628721379094042059104154712214722422639709887148037593394345,-0.004832236125426131888851388113789456948894250452638495536306026821784793,-0.0008089765287564131533386600848655021494839859303673152873372147718689945,0.0001018121933569082984882277519698024932269793869212008353749762878130528
9,0.01800000000000000000000000000000000000000000000000000000000000095289921,0.3999999999999999999999999999999999999999999999999999999999999844424618,plus,0.007152156912970036406618412489052992568371432221117117932938534282805160,0.01800015990851175598475013224400152833257512745863624636728570132422598,0.1986692604210695893281639453518573095552736504706231276806232997119428,1.803067971555181162962131383420488790658933254598842996121615009896356e-53,18,,,,,,
9,0.01800000000000000000000000000000000000000000000000000000000000095289921,0.3999999999999999999999999999999999999999999999999999999999999844424618,minus,0.007152154401160084284818675502788164759575822534236560444691495170899139,0.01800015319329726120741902879622688884646310821367714824654436790097779,0.1986692647655726802506926253999541416352459549855994851127675640520427,3.665807458408983062889451564609315824961885848611994543635611261940727e-53,18,,,,,,
9,0.01800000000000000000000000000000000000000000000000000000000000095289921,0.3999999999999999999999999999999999999999999999999999999999999844424618,EVEN_DIAGNOSTIC,,,0.1986692625933211347894282853759057255952598027281113063966954318819928,,,-0.1610566894563917752520802706547406410485137790593842650715622209821243,0.04320561357498799357768832038333807302564964436702650792202273631399646,-0.07185136809628721379094042059104154712214722422639709887148037593394345,-0.0002104844438181196653135778085469291009825449267046661218802723484247494,-0.00004553425378428280857342284538164751699531753211425478058252747296153983,-0.000008225688326292055186363383187724608581668362852508746502286894509238122
9,0.01800000000000000000000000000000000000000000000000000000000000095289921,0.7999999999999999999999999999999999999999999999999999999999999688849236,plus,0.01401916580323082675618492559466124864340930549273800632414181761869853,0.01800015990851175598475013224400152833257512745863624636728570132422598,0.3894178127995842958832434880961518984343303065038034443089821815468763,1.649976627453795963378797648094680396516130113056597958376070930886479e-48,18,,,,,,
9,0.01800000000000000000000000000000000000000000000000000000000000095289921,0.7999999999999999999999999999999999999999999999999999999999999688849236,minus,0.01401916171656741625336581468167850618288240671894353583934481484217795,0.01800015319329726120741902879622688884646310821367714824654436790097779,0.3894178445600048681773729957145772359002505683470828295531032312873544,3.461001574519827312050122711064430395734590881150405307228193111605448e-48,18,,,,,,
9,0.01800000000000000000000000000000000000000000000000000000000000095289921,0.7999999999999999999999999999999999999999999999999999999999999688849236,EVEN_DIAGNOSTIC,,,0.3894178286797945820303082419053645671672904374254431369310427258640381,,,-0.1610566894563917752520802706547406410485137790593842650715622209821243,0.04320561357498799357768832038333807302564964436702650792202273631399646,-0.07185136809628721379094042059104154712214722422639709887148037593394345,-0.001585173226984948624314993284330683469534865255320496477867089771681998,-0.0003117829448309061678510794727349260396812735534444684754451449151360175,-0.00001881958909922962349229366783015367038808745822928080688556440232977675
9,0.01800000000000000000000000000000000000000000000000000000000000095289921,1.200000000000000000000000000000000000000000000000000000000000031115076,plus,0.02032725159772019367500885683411718948044826214911895277081288976228209,0.01800015990851175598475013224400152833257512745863624636728570132422598,0.5646408615544582803919312567063041436393498006784829188079654989740861,9.001621466747481622481678583117537573245810994605612276553126387362515e-46,18,,,,,,
9,0.01800000000000000000000000000000000000000000000000000000000000095289921,1.200000000000000000000000000000000000000000000000000000000000031115076,minus,0.02032724733438245391998938943282371289854973145466655926383291022325271,0.01800015319329726120741902879622688884646310821367714824654436790097779,0.5646409537767638435851828624241134836797768221877465595395943305527522,1.939785799690187272233710853659733390193711526915321364475319874497722e-45,18,,,,,,
9,0.01800000000000000000000000000000000000000000000000000000000000095289921,1.200000000000000000000000000000000000000000000000000000000000031115076,EVEN_DIAGNOSTIC,,,0.5646409076656110619885570595652088136595633114331147391737799147634191,,,-0.1610566894563917752520802706547406410485137790593842650715622209821243,0.04320561357498799357768832038333807302564964436702650792202273631399646,-0.07185136809628721379094042059104154712214722422639709887148037593394345,-0.004832236125426131888851388113789456948894250452638495536306026821784793,-0.0008089765287564131533386600848655021494839859303673152873372147718689945,0.0001018144851929982931711670065333516661694938945201518222254122185019685
9,0.02200000000000000000000000000000000000000000000000000000000000089455845,0.3999999999999999999999999999999999999999999999999999999999999844424618,plus,0.008741562446752868615057654682958116893352814515226822359109834388054357,0.02200029332480337160393294728708333803109496455503707016614778864146686,0.1986692249438678026615549485205775743403954054508929777179351877092919,5.410276264560312360610402276307647514363550910516647512580713401254229e-52,18,,,,,,
9,0.02200000000000000000000000000000000000000000000000000000000000089455845,0.3999999999999999999999999999999999999999999999999999999999999844424618,minus,0.008741556841657466982843594498099317812147133558726492387482929238858272,0.02200027833981347453512953369571110569380538816997887257294685016402188,0.1986692328759778028535364401256969466704847386687899119467569301239901,1.117401521677817049974697060343190183982923947802514664001839246504540e-51,18,,,,,,
9,0.02200000000000000000000000000000000000000000000000000000000000089455845,0.3999999999999999999999999999999999999999999999999999999999999844424618,EVEN_DIAGNOSTIC,,,0.1986692289099228027575456943231372605054400720598414448323460686401024,,,-0.1610566894563917752520802706547406410485137790593842650715622209821243,0.04320561357498799357768832038333807302564964436702650792202273631399646,-0.07185136809628721379094042059104154712214722422639709887148037593394345,-0.0002104844438181196653135778085469291009825449267046661218802723484247494,-0.00004553425378428280857342284538164751699531753211425478058252747296153983,-0.000008225244730912970409739307581008247849021751597683228416649070643286755
9,0.02200000000000000000000000000000000000000000000000000000000000089455845,0.7999999999999999999999999999999999999999999999999999999999999688849236,plus,0.01713460047644407519365225441858605381694300066102737214109744001958398,0.02200029332480337160393294728708333803109496455503707016614778864146686,0.3894175460180419273705307510235435297012296415560330783809906458663378,4.932000182471871522395476345083198765555122278232518602787205933483070e-47,18,,,,,,
9,0.02200000000000000000000000000000000000000000000000000000000000089455845,0.7999999999999999999999999999999999999999999999999999999999999688849236,minus,0.01713459135708839390860618941122273235372129420073309502309052064255122,0.02200027833981347453512953369571110569380538816997887257294685016402188,0.3894176040054970165399717937275788667332064448311514924200577599006275,1.058377565106025467032069111559126767484842846047599112495049631550022e-46,18,,,,,,
9,0.02200000000000000000000000000000000000000000000000000000000000089455845,0.7999999999999999999999999999999999999999999999999999999999999688849236,EVEN_DIAGNOSTIC,,,0.3894175750117694719552512723755611982172180431935922854005242028834827,,,-0.1610566894563917752520802706547406410485137790593842650715622209821243,0.04320561357498799357768832038333807302564964436702650792202273631399646,-0.07185136809628721379094042059104154712214722422639709887148037593394345,-0.001585173226984948624314993284330683469534865255320496477867089771681998,-0.0003117829448309061678510794727349260396812735534444684754451449151360175,-0.00001881701732222940735579878467749473492777925920685805863208108607167483
9,0.02200000000000000000000000000000000000000000000000000000000000089455845,1.200000000000000000000000000000000000000000000000000000000000031115076,plus,0.02484449345531407235144910616639890883142351157653096768949271772916407,0.02200029332480337160393294728708333803109496455503707016614778864146686,0.5646400502147877813876150629606390297164900829555803988343800312722877,2.682344340474711667821798324001830154674760829090241605267186765555979e-44,18,,,,,,
9,0.02200000000000000000000000000000000000000000000000000000000000089455845,1.200000000000000000000000000000000000000000000000000000000000031115076,minus,0.02484448394174198756439156049964808322383136213054611032164267736811026,0.02200027833981347453512953369571110569380538816997887257294685016402188,0.5646402185917213973508829158910565207222419675923120922063181385335556,5.949253581639412944630616709801036219783898577348100130879567943398617e-44,18,,,,,,
9,0.02200000000000000000000000000000000000000000000000000000000000089455845,1.200000000000000000000000000000000000000000000000000000000000031115076,EVEN_DIAGNOSTIC,,,0.5646401344032545893692489894258477752193660252739462455203490849029217,,,-0.1610566894563917752520802706547406410485137790593842650715622209821243,0.04320561357498799357768832038333807302564964436702650792202273631399646,-0.07185136809628721379094042059104154712214722422639709887148037593394345,-0.004832236125426131888851388113789456948894250452638495536306026821784793,-0.0008089765287564131533386600848655021494839859303673152873372147718689945,0.0001018181890510992806811606304965351402498950082772272155716056950318683
9,0.02700000000000000000000000000000000000000000000000000000000000021391615,0.3999999999999999999999999999999999999999999999999999999999999844424618,plus,0.01072835187733748226390367973817744502012364796596607360985363130973167,0.02700054537281788542416044804751867740466609770625850498458243813167946,0.1986691699964323414549177664137172577166717199561850925601221693692075,1.736381828463407067242109926285751406295255891992359731386760432047288e-50,18,,,,,,
9,0.02700000000000000000000000000000000000000000000000000000000000021391615,0.3999999999999999999999999999999999999999999999999999999999999844424618,minus,0.01072833916163094979429278310582669897209001724112507320043555774794921,0.02700051137786435189659539127931215195248336664746631371209518659032634,0.1986691846589670911843394355661116573628197918001607326211502036145506,3.657259252045867111259947395421431362470480868096883642952766911897722e-50,18,,,,,,
9,0.02700000000000000000000000000000000000000000000000000000000000021391615,0.3999999999999999999999999999999999999999999999999999999999999844424618,EVEN_DIAGNOSTIC,,,0.1986691773276997163196286009899144575397457558781729125906361864918790,,,-0.1610566894563917752520802706547406410485137790593842650715622209821243,0.04320561357498799357768832038333807302564964436702650792202273631399646,-0.07185136809628721379094042059104154712214722422639709887148037593394345,-0.0002104844438181196653135778085469291009825449267046661218802723484247494,-0.00004553425378428280857342284538164751699531753211425478058252747296153983,-0.000008224565466831722429764799244314895468471492805512630347930135490122701
9,0.02700000000000000000000000000000000000000000000000000000000000021391615,0.7999999999999999999999999999999999999999999999999999999999999688849236,plus,0.02102894993470586143830524470118772227618535634079761852034696950218055,0.02700054537281788542416044804751867740466609770625850498458243813167946,0.3894171329568073037880006276710133447268590738373528423671823542780543,1.575290427133962799080642206708157673987920052190917757836427246399677e-45,18,,,,,,
9,0.02700000000000000000000000000000000000000000000000000000000000021391615,0.7999999999999999999999999999999999999999999999999999999999999688849236,minus,0.02102892924662560251225701011284170817124123417159443223195373490529662,0.02700051137786435189659539127931215195248336664746631371209518659032634,0.3894172401465256783770030090014156960052042141066904963219504355741423,3.478155159001176280042158807783221958029413965926485267679584954340483e-45,18,,,,,,
9,0.02700000000000000000000000000000000000000000000000000000000000021391615,0.7999999999999999999999999999999999999999999999999999999999999688849236,EVEN_DIAGNOSTIC,,,0.3894171865516664910825018183362145203660316439720216693445663754791756,,,-0.1610566894563917752520802706547406410485137790593842650715622209821243,0.04320561357498799357768832038333807302564964436702650792202273631399646,-0.07185136809628721379094042059104154712214722422639709887148037593394345,-0.001585173226984948624314993284330683469534865255320496477867089771681998,-0.0003117829448309061678510794727349260396812735534444684754451449151360175,-0.00001881307929795132864266528004258210750025307326595928946215937600096968
9,0.02700000000000000000000000000000000000000000000000000000000000021391615,1.200000000000000000000000000000000000000000000000000000000000031115076,plus,0.03049111078804566012840920075563244643470075817671615125033038483278136,0.02700054537281788542416044804751867740466609770625850498458243813167946,0.5646387946434188130942699560263239073899937365023987065385503689253897,8.534548726447370148907720929996732356448892725771250893261474448359782e-43,18,,,,,,
9,0.02700000000000000000000000000000000000000000000000000000000000021391615,1.200000000000000000000000000000000000000000000000000000000000031115076,minus,0.03049108920575731589080046432224008955027563426127278303166867287748614,0.02700051137786435189659539127931215195248336664746631371209518659032634,0.5646391058866133364691499399493224915413623652524758449856415135916416,1.962383674289589894926482540654263493460260466619326943700622311000139e-42,18,,,,,,
9,0.02700000000000000000000000000000000000000000000000000000000000021391615,1.200000000000000000000000000000000000000000000000000000000000031115076,EVEN_DIAGNOSTIC,,,0.5646389502650160747817099479878231994656780508774372757620959801523611,,,-0.1610566894563917752520802706547406410485137790593842650715622209821243,0.04320561357498799357768832038333807302564964436702650792202273631399646,-0.07185136809628721379094042059104154712214722422639709887148037593394345,-0.004832236125426131888851388113789456948894250452638495536306026821784793,-0.0008089765287564131533386600848655021494839859303673152873372147718689945,0.0001018238602977903281493690719930860852959302867753985002999216846477221
9,0.03299999999999999999999999999999999999999999999999999999999999891097233,0.3999999999999999999999999999999999999999999999999999999999999844424618,plus,0.01311255821109693434725181093637850743700920064812461713342069337409079,0.03300100265716803090407125296203543787486058517974617824636639580530778,0.1986690881382781565325280217151587539140240683272575132987232431371274,5.179741393534219471893069438248025497067236692585402711439119975454458e-49,18,,,,,,
9,0.03299999999999999999999999999999999999999999999999999999999999891097233,0.3999999999999999999999999999999999999999999999999999999999999844424618,minus,0.01311252983640602847058401303286050403570302524784348241975820405500680,0.03300092679838965186731256645973196584595971071864710112304810982735177,0.1986691149087043420098099704620915719327548988027833811361002209634274,1.116894704370342891487786477148307302081317495469045396629790640795915e-48,18,,,,,,
9,0.03299999999999999999999999999999999999999999999999999999999999891097233,0.3999999999999999999999999999999999999999999999999999999999999844424618,EVEN_DIAGNOSTIC,,,0.1986691015234912492711689960886251629233894835650204472174117320502774,,,-0.1610566894563917752520802706547406410485137790593842650715622209821243,0.04320561357498799357768832038333807302564964436702650792202273631399646,-0.07185136809628721379094042059104154712214722422639709887148037593394345,-0.0002104844438181196653135778085469291009825449267046661218802723484247494,-0.00004553425378428280857342284538164751699531753211425478058252747296153983,-0.000008223567345518824345604519733521150268506880102405724534059246363702630
9,0.03299999999999999999999999999999999999999999999999999999999999891097233,0.7999999999999999999999999999999999999999999999999999999999999688849236,plus,0.02570227107955152551606147854190988672692641040598490290015786492984047,0.03300100265716803090407125296203543787486058517974617824636639580530778,0.3894165178337214285712864502093470469822205979521049351136181945886478,4.671979156536477737977336582953765909721845466814339578140923777186005e-44,18,,,,,,
9,0.03299999999999999999999999999999999999999999999999999999999999891097233,0.7999999999999999999999999999999999999999999999999999999999999688849236,minus,0.02570222491499103827642892144594238981626783606185883281552817670760204,0.03300092679838965186731256645973196584595971071864710112304810982735177,0.3894167135367427200770504295545414170292525768074192204933900968566729,1.067426399070943942351026463533409761577658251713382982020631816661699e-43,18,,,,,,
9,0.03299999999999999999999999999999999999999999999999999999999999891097233,0.7999999999999999999999999999999999999999999999999999999999999688849236,EVEN_DIAGNOSTIC,,,0.3894166156852320743241684398819442320057365873797620778035041651695831,,,-0.1610566894563917752520802706547406410485137790593842650715622209821243,0.04320561357498799357768832038333807302564964436702650792202273631399646,-0.07185136809628721379094042059104154712214722422639709887148037593394345,-0.001585173226984948624314993284330683469534865255320496477867089771681998,-0.0003117829448309061678510794727349260396812735534444684754451449151360175,-0.00001880729283372912050471232999588911297122500857231955331024734445386087
9,0.03299999999999999999999999999999999999999999999999999999999999891097233,1.200000000000000000000000000000000000000000000000000000000000031115076,plus,0.03726716939080177792034938480311631282631003571624168126131062253188077,0.03300100265716803090407125296203543787486058517974617824636639580530778,0.5646369260042332085021227521624855541376360344270732310238992514223353,2.519661579094947918256177075483959075058506922029463443285753025772535e-41,18,,,,,,
9,0.03299999999999999999999999999999999999999999999999999999999999891097233,1.200000000000000000000000000000000000000000000000000000000000031115076,minus,0.03726712123120644883699431201298435417984537225188890995617647778045632,0.03300092679838965186731256645973196584595971071864710112304810982735177,0.5646374942570548458966102660198176710825346350498000749451718212476403,6.049865771512655253616804543585393222406205070429367532682723359871057e-41,18,,,,,,
9,0.03299999999999999999999999999999999999999999999999999999999999891097233,1.200000000000000000000000000000000000000000000000000000000000031115076,EVEN_DIAGNOSTIC,,,0.5646372101306440271993665090911516126100853347384366529845355752288333,,,-0.1610566894563917752520802706547406410485137790593842650715622209821243,0.04320561357498799357768832038333807302564964436702650792202273631399646,-0.07185136809628721379094042059104154712214722422639709887148037593394345,-0.004832236125426131888851388113789456948894250452638495536306026821784793,-0.0008089765287564131533386600848655021494839859303673152873372147718689945,0.0001018321929301103825415345803251355754111496736978767626955512549100798
9,0.03999999999999999999999999999999999999999999999999999999999999941659232,0.3999999999999999999999999999999999999999999999999999999999999844424618,plus,0.01589423282079581855567282047650969506904745372869350505505715359054141,0.04000180001817305728346627341816950083340811363244891347401751135632908,0.1986689700660341960706549315448074322137560533981739790731072248029162,1.337449774827107087894659231433474235097789310814010470188734673213346e-47,18,,,,,,
9,0.03999999999999999999999999999999999999999999999999999999999999941659232,0.3999999999999999999999999999999999999999999999999999999999999844424618,minus,0.01589417157150489581670391787908219823894163304318563889085833858087652,0.04000163626985995866065071744801947949377107830600512530712404024073722,0.1986690177406652816325797785133368137975668937533109116928008621702246,2.963654947638704247993736029685215658876195394695071828880872710258584e-47,18,,,,,,
9,0.03999999999999999999999999999999999999999999999999999999999999941659232,0.3999999999999999999999999999999999999999999999999999999999999844424618,EVEN_DIAGNOSTIC,,,0.1986689939033497388516173550290721230056614735757424453829540434865704,,,-0.1610566894563917752520802706547406410485137790593842650715622209821243,0.04320561357498799357768832038333807302564964436702650792202273631399646,-0.07185136809628721379094042059104154712214722422639709887148037593394345,-0.0002104844438181196653135778085469291009825449267046661218802723484247494,-0.00004553425378428280857342284538164751699531753211425478058252747296153983,-0.000008222150528999125210319360587412203263512921180345099989422656275146667
9,0.03999999999999999999999999999999999999999999999999999999999999941659232,0.7999999999999999999999999999999999999999999999999999999999999688849236,plus,0.03115465238830796354550271979347125590200509932850752839222990419555588,0.04000180001817305728346627341816950083340811363244891347401751135632908,0.3894156309735339210733558173578006298268572123645065887543089102119241,1.198127545883757299300149219138870662471543694261459329777966353481403e-42,18,,,,,,
9,0.03999999999999999999999999999999999999999999999999999999999999941659232,0.7999999999999999999999999999999999999999999999999999999999999688849236,minus,0.03115455273869710368074674657810945859468364320430447152075514651554946,0.04000163626985995866065071744801947949377107830600512530712404024073722,0.3894159794929580308317117718710385123560248778703537486068677381179371,2.848823633168188899960341433077072183553208694214698260167234954747570e-42,18,,,,,,
9,0.03999999999999999999999999999999999999999999999999999999999999941659232,0.7999999999999999999999999999999999999999999999999999999999999688849236,EVEN_DIAGNOSTIC,,,0.3894158052332459759525337946144195710914410451174301686805883436118533,,,-0.1610566894563917752520802706547406410485137790593842650715622209821243,0.04320561357498799357768832038333807302564964436702650792202273631399646,-0.07185136809628721379094042059104154712214722422639709887148037593394345,-0.001585173226984948624314993284330683469534865255320496477867089771681998,-0.0003117829448309061678510794727349260396812735534444684754451449151360175,-0.00001879907931134484698909038248467308546384688062908552898545666301355470
9,0.03999999999999999999999999999999999999999999999999999999999999941659232,1.200000000000000000000000000000000000000000000000000000000000031115076,plus,0.04517277140473124889309606330012608315331392814815503176842984982889796,0.04000180001817305728346627341816950083340811363244891347401751135632908,0.5646342337620930601168804388900110140613274710548655477069129996445932,6.427989798638739943396552094184295502619079329870146752987717890310549e-40,18,,,,,,
9,0.03999999999999999999999999999999999999999999999999999999999999941659232,1.200000000000000000000000000000000000000000000000000000000000031115076,minus,0.04517266744976898236621613206616097434237149913813909767451126029956402,0.04000163626985995866065071744801947949377107830600512530712404024073722,0.5646352457312507696366812063053726706227910050757712832772639541982637,1.623397676739868899802482389609048568615599954182970400358619760231706e-39,18,,,,,,
9,0.03999999999999999999999999999999999999999999999999999999999999941659232,1.200000000000000000000000000000000000000000000000000000000000031115076,EVEN_DIAGNOSTIC,,,0.5646347397466719148767808225976918423420592380653184154920884380275830,,,-0.1610566894563917752520802706547406410485137790593842650715622209821243,0.04320561357498799357768832038333807302564964436702650792202273631399646,-0.07185136809628721379094042059104154712214722422639709887148037593394345,-0.004832236125426131888851388113789456948894250452638495536306026821784793,-0.0008089765287564131533386600848655021494839859303673152873372147718689945,0.0001018440193542997331508338913512906618395624514179071069636884550701329
10,0.01500000000000000000000000000000000000000000000000000000000000038893845,0.3999999999999999999999999999999999999999999999999999999999999844424618,plus,0.005960076574222440196997867007085931710368828488220662217831853067169405,0.01499999124379537736492221833732592948141251809636300423350809588695578,0.1986693351133713729359149223790140619294688384009843310870678678591648,1.278582771901226816662621972257998589865550471769821880483398759909099e-57,18,,,,,,
10,0.01500000000000000000000000000000000000000000000000000000000000038893845,0.3999999999999999999999999999999999999999999999999999999999999844424618,minus,0.005960075814311965318476930337702250212995471298728032897368621718908866,0.01499998921221173037610883047292641912451805026518373607049160592468152,0.1986693366905815029235286675158488311714606257174280235183460252753266,1.101994086794626105187585975422211060880843757243094623745171561787234e-57,18,,,,,,
10,0.01500000000000000000000000000000000000000000000000000000000000038893845,0.3999999999999999999999999999999999999999999999999999999999999844424618,EVEN_DIAGNOSTIC,,,0.1986693359019764379297217949474314465504647320592061773027069465672457,,,0.01737700032287106032812296738129527087745586322623440209216551377214714,-0.07607642922204529691572139243082780849130643404192026954248504795623813,-0.1350778182614405944382091246861363026343852442136598570413994550466150,0.00002270994306745104979686939597745994760012243894113806490211300144073392,-0.00005574247255996487968248985840142054116777319821063831477028520416864567,-0.0000004418395666991623681463184234940514212591793756239063427302268539915939
10,0.01500000000000000000000000000000000000000000000000000000000000038893845,0.7999999999999999999999999999999999999999999999999999999999999688849236,plus,0.01168254443050755606565858387843126927690354109674759005164716634827144,0.01499999124379537736492221833732592948141251809636300423350809588695578,0.3894183750053835596006032755955216120587717958323378301632134830125876,1.184897190114863915907981316654714323084579617328883711324598080230113e-52,18,,,,,,
10,0.01500000000000000000000000000000000000000000000000000000000000038893845,0.7999999999999999999999999999999999999999999999999999999999999688849236,minus,0.01168254319414200128474046542332113475707110181079695614519312420914922,0.01499998921221173037610883047292641912451805026518373607049160592468152,0.3894183865356068591368100743147680049177126022015928967919346638757947,1.030421902585100244526000062749543910789365994916112978084694124583155e-52,18,,,,,,
10,0.01500000000000000000000000000000000000000000000000000000000000038893845,0.7999999999999999999999999999999999999999999999999999999999999688849236,EVEN_DIAGNOSTIC,,,0.3894183807704952093687066749551448084882421990169653634775740928911139,,,0.01737700032287106032812296738129527087745586322623440209216551377214714,-0.07607642922204529691572139243082780849130643404192026954248504795623813,-0.1350778182614405944382091246861363026343852442136598570413994550466150,0.0001710301867627940761078102109003261571039554263966640905093768733513453,-0.0003940227504206448628641841405455795637901038611858659241543827917364722,0.000008587217377455990467023268401215904266630219081768553284631467798858305
10,0.01500000000000000000000000000000000000000000000000000000000000038893845,1.200000000000000000000000000000000000000000000000000000000000031115076,plus,0.01693926732897968062827800980715108298656518000602668756932770064408462,0.01499999124379537736492221833732592948141251809636300423350809588695578,0.5646425739077170734306532009993298114921229734067774329809668490773928,6.511280846424478682616344660211966136438656994304299943347828457928127e-50,18,,,,,,
10,0.01500000000000000000000000000000000000000000000000000000000000038893845,1.200000000000000000000000000000000000000000000000000000000000031115076,minus,0.01693926603915315704955944530977730441196436846365876905957304606842595,0.01499998921221173037610883047292641912451805026518373607049160592468152,0.5646426073880983357303477168889472072116665227602001573033876481245610,5.745168490019895503254126575508213307370401526397445025162910580681552e-50,18,,,,,,
10,0.01500000000000000000000000000000000000000000000000000000000000038893845,1.200000000000000000000000000000000000000000000000000000000000031115076,EVEN_DIAGNOSTIC,,,0.5646425906479077045805004589441385093518947480834887951421772874948224,,,0.01737700032287106032812296738129527087745586322623440209216551377214714,-0.07607642922204529691572139243082780849130643404192026954248504795623813,-0.1350778182614405944382091246861363026343852442136598570413994550466150,0.0005213677804699631476767974294079406796737620618806029902941297304896681,-0.001084030693281665180986371989799489719755801722175339586377250820464227,0.00006983683784566636984954196568700624509745227896819818490752034224266003
10,0.01800000000000000000000000000000000000000000000000000000000000095289921,0.3999999999999999999999999999999999999999999999999999999999999844424618,plus,0.007152090252483150781836449224483938403288043439482395164496193739537296,0.01799998522227937230826423446833122219228530066199303365312265476925129,0.1986693367845295378609398066080594684660594222089015868813602284075650,2.877094905795133598355651024441064882990587478169061518921924322626652e-56,18,,,,,,
10,0.01800000000000000000000000000000000000000000000000000000000000095289921,0.3999999999999999999999999999999999999999999999999999999999999844424618,minus,0.007152088676738373915135323759466240570861920865768887691152954711229420,0.01799998100960313535496362622479318456300833190417638562134573735031351,0.1986693395099327271163538943839060604080524121361790249475255270532006,2.407107754486596642231820596501555714604598355270333818027847642822967e-56,18,,,,,,
10,0.01800000000000000000000000000000000000000000000000000000000000095289921,0.3999999999999999999999999999999999999999999999999999999999999844424618,EVEN_DIAGNOSTIC,,,0.1986693381472311324886468504959827644370559171725403059144428680069214,,,0.01737700032287106032812296738129527087745586322623440209216551377214714,-0.07607642922204529691572139243082780849130643404192026954248504795623813,-0.1350778182614405944382091246861363026343852442136598570413994550466150,0.00002270994306745104979686939597745994760012243894113806490211300144073392,-0.00005574247255996487968248985840142054116777319821063831477028520416864567,-0.0000004417662025746549895488935481572068664414689899810577047591979029733918
10,0.01800000000000000000000000000000000000000000000000000000000000095289921,0.7999999999999999999999999999999999999999999999999999999999999688849236,plus,0.01401905044845206999953235048808791654282825409737775590380946787185055,0.01799998522227937230826423446833122219228530066199303365312265476925129,0.3894183877190097776352818200304902735294597753769916495277259954562930,2.664010557146801283850998851732161265506541902636798295824535444626887e-51,18,,,,,,
10,0.01800000000000000000000000000000000000000000000000000000000000095289921,0.7999999999999999999999999999999999999999999999999999999999999688849236,minus,0.01401904788473235503343570095952416394088948712910639005479461064146057,0.01799998100960313535496362622479318456300833190417638562134573735031351,0.3894184076431269476565836643710299529009315165628147828030994763595982,2.252874563056299001155795203242474609705340787267020333633644716944574e-51,18,,,,,,
10,0.01800000000000000000000000000000000000000000000000000000000000095289921,0.7999999999999999999999999999999999999999999999999999999999999688849236,EVEN_DIAGNOSTIC,,,0.3894183976810683626459327422007601132151956459699032161654127553548683,,,0.01737700032287106032812296738129527087745586322623440209216551377214714,-0.07607642922204529691572139243082780849130643404192026954248504795623813,-0.1350778182614405944382091246861363026343852442136598570413994550466150,0.0001710301867627940761078102109003261571039554263966640905093768733513453,-0.0003940227504206448628641841405455795637901038611858659241543827917364722,0.000008587574218657344403919437121228321209205909202795709198683613283313625
10,0.01800000000000000000000000000000000000000000000000000000000000095289921,1.200000000000000000000000000000000000000000000000000000000000031115076,plus,0.02032711738972818609365260759101845377085552787935520839120248859059293,0.01799998522227937230826423446833122219228530066199303365312265476925129,0.5646426132774936973006933114315613729399922639366913201662384864352526,1.461911389724993682428751024480363394914995090885150802229745632812205e-48,18,,,,,,
10,0.01800000000000000000000000000000000000000000000000000000000000095289921,1.200000000000000000000000000000000000000000000000000000000000031115076,minus,0.02032711471515030461230673136244164623555506335790424631336504710094956,0.01799998100960313535496362622479318456300833190417638562134573735031351,0.5646426711313091001646719293530438640168709366168703162346695539325483,1.258006472632113397014189128004497464058944736337268431187875887031886e-48,18,,,,,,
10,0.01800000000000000000000000000000000000000000000000000000000000095289921,1.200000000000000000000000000000000000000000000000000000000000031115076,EVEN_DIAGNOSTIC,,,0.5646426422044013987326826203923026184784316002767808182004540201839005,,,0.01737700032287106032812296738129527087745586322623440209216551377214714,-0.07607642922204529691572139243082780849130643404192026954248504795623813,-0.1350778182614405944382091246861363026343852442136598570413994550466150,0.0005213677804699631476767974294079406796737620618806029902941297304896681,-0.001084030693281665180986371989799489719755801722175339586377250820464227,0.00006983729183400328373026112478072015537823836211644266098750297181848157
10,0.02200000000000000000000000000000000000000000000000000000000000089455845,0.3999999999999999999999999999999999999999999999999999999999999844424618,plus,0.008741440549819059125833673853463397077294842876215198120767537112801893,0.02199997387933924001684696884601863212591206242698225313750463955380578,0.1986693392856338387705502208729689861484581786206060817155710351543671,8.884067065170208076023423116219883660408495860809021478818519002344421e-55,18,,,,,,
10,0.02200000000000000000000000000000000000000000000000000000000000089455845,0.3999999999999999999999999999999999999999999999999999999999999844424618,minus,0.008741437033533866490168349795407680333854502508312321894164602853262868,0.02199996447872602090838450997158197661330478103913060284193234070566458,0.1986693442615973639889444846063602566544943128110759498270288367892320,7.144006968702657027124559099779601712763570981539923582772952182467935e-55,18,,,,,,
10,0.02200000000000000000000000000000000000000000000000000000000000089455845,0.3999999999999999999999999999999999999999999999999999999999999844424618,EVEN_DIAGNOSTIC,,,0.1986693417736156013797473527396646214014762457158410157712999456952609,,,0.01737700032287106032812296738129527087745586322623440209216551377214714,-0.07607642922204529691572139243082780849130643404192026954248504795623813,-0.1350778182614405944382091246861363026343852442136598570413994550466150,0.00002270994306745104979686939597745994760012243894113806490211300144073392,-0.00005574247255996487968248985840142054116777319821063831477028520416864567,-0.0000004416476331044398435704237494502714251496093007946604743876448043909663
10,0.02200000000000000000000000000000000000000000000000000000000000089455845,0.7999999999999999999999999999999999999999999999999999999999999688849236,plus,0.01713438955575404702502690245887347006142655725920719977591307741829864,0.02199997387933924001684696884601863212591206242698225313750463955380578,0.3894184068065055181072059549211539305254711116604826857047355072736479,8.216844171055074394845950441815870127891585837050581197496578119109662e-50,18,,,,,,
10,0.02200000000000000000000000000000000000000000000000000000000000089455845,0.7999999999999999999999999999999999999999999999999999999999999688849236,minus,0.01713438383479178207862099980578023286518650820659877152955568688855488,0.02199996447872602090838450997158197661330478103913060284193234070566458,0.3894184431834138122124651605942437998714271155572666714036144852278203,6.694654184974752033813081890546795088802460163479039947651264023206206e-50,18,,,,,,
10,0.02200000000000000000000000000000000000000000000000000000000000089455845,0.7999999999999999999999999999999999999999999999999999999999999688849236,EVEN_DIAGNOSTIC,,,0.3894184249949596651598355577576988651984491136088746785541749962507341,,,0.01737700032287106032812296738129527087745586322623440209216551377214714,-0.07607642922204529691572139243082780849130643404192026954248504795623813,-0.1350778182614405944382091246861363026343852442136598570413994550466150,0.0001710301867627940761078102109003261571039554263966640905093768733513453,-0.0003940227504206448628641841405455795637901038611858659241543827917364722,0.000008588150943819611664558078777153892315674908865994623955379613621291990
10,0.02200000000000000000000000000000000000000000000000000000000000089455845,1.200000000000000000000000000000000000000000000000000000000000031115076,plus,0.02484424809976115976066162039717529618598324915536530211570654874892035,0.02199997387933924001684696884601863212591206242698225313750463955380578,0.5646426726691037854637275460384125270830269829463908126614217028168875,4.500887034907134501789822053456831555296196012405347491033473667154954e-47,18,,,,,,
10,0.02200000000000000000000000000000000000000000000000000000000000089455845,1.200000000000000000000000000000000000000000000000000000000000031115076,minus,0.02484424213141130996009221746087005466996793109543913813146747616281462,0.02199996447872602090838450997158197661330478103913060284193234070566458,0.5646427782971128721489786293909463633047084518964424185856823377839749,3.745924688550390395832342910832598785181743730278173242181848768555478e-47,18,,,,,,
10,0.02200000000000000000000000000000000000000000000000000000000000089455845,1.200000000000000000000000000000000000000000000000000000000000031115076,EVEN_DIAGNOSTIC,,,0.5646427254831083288063530877146794451938677174214166156235520203004312,,,0.01737700032287106032812296738129527087745586322623440209216551377214714,-0.07607642922204529691572139243082780849130643404192026954248504795623813,-0.1350778182614405944382091246861363026343852442136598570413994550466150,0.0005213677804699631476767974294079406796737620618806029902941297304896681,-0.001084030693281665180986371989799489719755801722175339586377250820464227,0.00006983802556337605656520473998579252229727251616964100167596042823915809
10,0.02700000000000000000000000000000000000000000000000000000000000021391615,0.3999999999999999999999999999999999999999999999999999999999999844424618,plus,0.01072812611275435354520142669410107114551101861142906506414038486561094,0.02699995370641441287625406513572074566244856377049693928322413732154211,0.1986693427219776892627755808091052520433506665422549046244699601627177,2.955284985530919424263429374996613075223224299617500573121211695847204e-53,18,,,,,,
10,0.02700000000000000000000000000000000000000000000000000000000000021391615,0.3999999999999999999999999999999999999999999999999999999999999844424618,minus,0.01072811813566206860721682732482322444042730867522413359737215805046714,0.02699993238006433131571120296189488568161517799499460676389985012570130,0.1986693519199937212141976653354463904659149375273370001380718298432777,2.261606194588100774058153289636668943572121478742469637942726532730985e-53,18,,,,,,
10,0.02700000000000000000000000000000000000000000000000000000000000021391615,0.3999999999999999999999999999999999999999999999999999999999999844424618,EVEN_DIAGNOSTIC,,,0.1986693473209857052384866230722758212546328020347959523812708852795363,,,0.01737700032287106032812296738129527087745586322623440209216551377214714,-0.07607642922204529691572139243082780849130643404192026954248504795623813,-0.1350778182614405944382091246861363026343852442136598570413994550466150,0.00002270994306745104979686939597745994760012243894113806490211300144073392,-0.00005574247255996487968248985840142054116777319821063831477028520416864567,-0.0000004414660707589488420263832933063484024549473803783881202830888740507826
10,0.02700000000000000000000000000000000000000000000000000000000000021391615,0.7999999999999999999999999999999999999999999999999999999999999688849236,plus,0.02102855933543825854916274458636619370742011374157918635831764731025640,0.02699995370641441287625406513572074566244856377049693928322413732154211,0.3894184331590627380474062539998830324682329478734165091663993674044494,2.729548374325804736921515303839819547156195314259000274813930276689382e-48,18,,,,,,
10,0.02700000000000000000000000000000000000000000000000000000000000021391615,0.7999999999999999999999999999999999999999999999999999999999999688849236,minus,0.02102854635677081494021784322170859041897149335096776556207717048360970,0.02699993238006433131571120296189488568161517799499460676389985012570130,0.3894185004014575115619534833189351019712123143019614344341723187574695,2.122711904402860267112316791446711350228230407828722826945551145746884e-48,18,,,,,,
10,0.02700000000000000000000000000000000000000000000000000000000000021391615,0.7999999999999999999999999999999999999999999999999999999999999688849236,EVEN_DIAGNOSTIC,,,0.3894184667802601248046798686594090672197226310876889718002858430809595,,,0.01737700032287106032812296738129527087745586322623440209216551377214714,-0.07607642922204529691572139243082780849130643404192026954248504795623813,-0.1350778182614405944382091246861363026343852442136598570413994550466150,0.0001710301867627940761078102109003261571039554263966640905093768733513453,-0.0003940227504206448628641841405455795637901038611858659241543827917364722,0.000008589034083212453600873248026042887991965775441143284620921173623156818
10,0.02700000000000000000000000000000000000000000000000000000000000021391615,1.200000000000000000000000000000000000000000000000000000000000031115076,plus,0.03049065650588940021160295943098400373213959970318974304377622640168116,0.02699995370641441287625406513572074566244856377049693928322413732154211,0.5646427552697191605152945221949565384383656135174025167976928965551998,1.491791821155116236677367860003663281916814932925942817383481768425076e-45,18,,,,,,
10,0.02700000000000000000000000000000000000000000000000000000000000021391615,1.200000000000000000000000000000000000000000000000000000000000031115076,minus,0.03049064296597139542151201233083726567025606774428189843105739831514231,0.02699993238006433131571120296189488568161517799499460676389985012570130,0.5646429505224328819908638001669061622529241718066770686648029073151641,1.190803241956896124336553949437007191840565521588673328773651696645805e-45,18,,,,,,
10,0.02700000000000000000000000000000000000000000000000000000000000021391615,1.200000000000000000000000000000000000000000000000000000000000031115076,EVEN_DIAGNOSTIC,,,0.5646428528960760212530791611809313503456448926620397927312478630413365,,,0.01737700032287106032812296738129527087745586322623440209216551377214714,-0.07607642922204529691572139243082780849130643404192026954248504795623813,-0.1350778182614405944382091246861363026343852442136598570413994550466150,0.0005213677804699631476767974294079406796737620618806029902941297304896681,-0.001084030693281665180986371989799489719755801722175339586377250820464227,0.00006983914911243784405507133111883933450905788822817783686207798107368912
10,0.03299999999999999999999999999999999999999999999999999999999999891097233,0.3999999999999999999999999999999999999999999999999999999999999844424618,plus,0.01311214505848391139928466693186421631185684097239170002081161625924311,0.03299991984746554691865674650008111475750215285104331759950973850015475,0.1986693470634436658631984682246176056298813797470959453063513715268611,9.203038573301396442406300692669703272618991512994927792581254188690152e-52,18,,,,,,
10,0.03299999999999999999999999999999999999999999999999999999999999891097233,0.3999999999999999999999999999999999999999999999999999999999999844424618,minus,0.01311212725767565496364439855896780356559138407213972414078427431446426,0.03299987225793910856631333086838487774376195531977431336961399613703006,0.1986693638567212887729673939817503078496120828827169635126911327148874,6.636465369403022126696458887936930272450761644235288131252837169505714e-52,18,,,,,,
10,0.03299999999999999999999999999999999999999999999999999999999999891097233,0.3999999999999999999999999999999999999999999999999999999999999844424618,EVEN_DIAGNOSTIC,,,0.1986693554600824773180829311031839567397467313149064544095212618443356,,,0.01737700032287106032812296738129527087745586322623440209216551377214714,-0.07607642922204529691572139243082780849130643404192026954248504795623813,-0.1350778182614405944382091246861363026343852442136598570413994550466150,0.00002270994306745104979686939597745994760012243894113806490211300144073392,-0.00005574247255996487968248985840142054116777319821063831477028520416864567,-0.0000004411992790312308860350210295344587119198471340479751016183646258547314
10,0.03299999999999999999999999999999999999999999999999999999999999891097233,0.7999999999999999999999999999999999999999999999999999999999999688849236,plus,0.02570155637705760408837184197437536156668130214167939599857196693667262,0.03299991984746554691865674650008111475750215285104331759950973850015475,0.3894184667092688371201965987294739640588776133976682124735395774722072,8.486210714415233415091287955659711440542790877313762117963245705079869e-47,18,,,,,,
10,0.03299999999999999999999999999999999999999999999999999999999999891097233,0.7999999999999999999999999999999999999999999999999999999999999688849236,minus,0.02570152741523159358382339756726735794195834018878195053025459800118557,0.03299987225793910856631333086838487774376195531977431336961399613703006,0.3894185894772413954515014007106876755335511067623995911315307577513489,6.240882374539435203001682657193874669284310188082386885126359893652615e-47,18,,,,,,
10,0.03299999999999999999999999999999999999999999999999999999999999891097233,0.7999999999999999999999999999999999999999999999999999999999999688849236,EVEN_DIAGNOSTIC,,,0.3894185280932551162858489997200808197962143600800339018025351676117780,,,0.01737700032287106032812296738129527087745586322623440209216551377214714,-0.07607642922204529691572139243082780849130643404192026954248504795623813,-0.1350778182614405944382091246861363026343852442136598570413994550466150,0.0001710301867627940761078102109003261571039554263966640905093768733513453,-0.0003940227504206448628641841405455795637901038611858659241543827917364722,0.000008590331821027093403665273500369948501155494701195425286343527624913010
10,0.03299999999999999999999999999999999999999999999999999999999999891097233,1.200000000000000000000000000000000000000000000000000000000000031115076,plus,0.03726633835293807789143783985511581860603651494729415243220614107517520,0.03299991984746554691865674650008111475750215285104331759950973850015475,0.5646428616371351515950312059619290169039795780142837924103349666900668,4.625749200449339494392148894307811357802073768694145399557055193391408e-44,18,,,,,,
10,0.03299999999999999999999999999999999999999999999999999999999999891097233,1.200000000000000000000000000000000000000000000000000000000000031115076,minus,0.03726630813860878904983877605260701766304919253522914292080255482288397,0.03299987225793910856631333086838487774376195531977431336961399613703006,0.5646432181209922930845373662922162740376243965130665266469762220709264,3.511991650362405313438168473327479734869300475972558913734840871214436e-44,18,,,,,,
10,0.03299999999999999999999999999999999999999999999999999999999999891097233,1.200000000000000000000000000000000000000000000000000000000000031115076,EVEN_DIAGNOSTIC,,,0.5646430398790637223397842861270726454708019872636751595286555554866511,,,0.01737700032287106032812296738129527087745586322623440209216551377214714,-0.07607642922204529691572139243082780849130643404192026954248504795623813,-0.1350778182614405944382091246861363026343852442136598570413994550466150,0.0005213677804699631476767974294079406796737620618806029902941297304896681,-0.001084030693281665180986371989799489719755801722175339586377250820464227,0.00006984080009859968625622926968186036765588159285900729299477700064869955
10,0.03999999999999999999999999999999999999999999999999999999999999941659232,0.3999999999999999999999999999999999999999999999999999999999999844424618,plus,0.01589349506054839684467440706477094652211575498331071429289621980011739,0.03999986635516148978347687765313098446573469432301066718159517902479245,0.1986693520351917023722153094093353511192140583606449118929392141373563,2.498439577942032792708283783472291199258581321932724606036730463281186e-50,18,,,,,,
10,0.03999999999999999999999999999999999999999999999999999999999999941659232,0.3999999999999999999999999999999999999999999999999999999999999844424618,minus,0.01589345663536203343830792864139977346602132735111309100129562992605572,0.03999976362752899642649712936531163578624342390073675245873072096986368,0.1986693819413434736808376164590714702989117596248795598071858644399463,1.680990393041738082776980664626002551607948683944150117654721439966150e-50,18,,,,,,
10,0.03999999999999999999999999999999999999999999999999999999999999941659232,0.3999999999999999999999999999999999999999999999999999999999999844424618,EVEN_DIAGNOSTIC,,,0.1986693669882675880265264629342034107090629089927622358500625392886513,,,0.01737700032287106032812296738129527087745586322623440209216551377214714,-0.07607642922204529691572139243082780849130643404192026954248504795623813,-0.1350778182614405944382091246861363026343852442136598570413994550466150,0.00002270994306745104979686939597745994760012243894113806490211300144073392,-0.00005574247255996487968248985840142054116777319821063831477028520416864567,-0.0000004408205702507783315102757381336313100797211921879939798027927024939231
10,0.03999999999999999999999999999999999999999999999999999999999999941659232,0.7999999999999999999999999999999999999999999999999999999999999688849236,plus,0.03115337636309105125702167135748349184613147065409207221866619357517056,0.03999986635516148978347687765313098446573469432301066718159517902479245,0.3894185056329705959177392355692430276860176728476878461070020616114345,2.299552068116436578852121550371275111528941640832972208977856031520871e-45,18,,,,,,
10,0.03999999999999999999999999999999999999999999999999999999999999941659232,0.7999999999999999999999999999999999999999999999999999999999999688849236,minus,0.03115331384535593616967578288214714290889418439173177683402220723019619,0.03999976362752899642649712936531163578624342390073675245873072096986368,0.3894187242636019332917788257719570725804113552772392907527331839546264,1.584388026151291552801373463819846527113478830963787966096567361231703e-45,18,,,,,,
10,0.03999999999999999999999999999999999999999999999999999999999999941659232,0.7999999999999999999999999999999999999999999999999999999999999688849236,EVEN_DIAGNOSTIC,,,0.3894186149482862646047590306706000501332145140624635684298676033361077,,,0.01737700032287106032812296738129527087745586322623440209216551377214714,-0.07607642922204529691572139243082780849130643404192026954248504795623813,-0.1350778182614405944382091246861363026343852442136598570413994550466150,0.0001710301867627940761078102109003261571039554263966640905093768733513453,-0.0003940227504206448628641841405455795637901038611858659241543827917364722,0.000008592174017663650114439652096349509884844552561179625642188964847330458
10,0.03999999999999999999999999999999999999999999999999999999999999941659232,1.200000000000000000000000000000000000000000000000000000000000031115076,plus,0.04517128806768927706110686014510561558726228035283368622923792327141690,0.03999986635516148978347687765313098446573469432301066718159517902479245,0.5646429873866375935989955286384620226179905039677405800209176390278446,1.249687406802431256855148075601987552269005201440839838294339473257163e-42,18,,,,,,
10,0.03999999999999999999999999999999999999999999999999999999999999941659232,1.200000000000000000000000000000000000000000000000000000000000031115076,minus,0.04517122284603680426783609760443953862061646865514726672466978774192816,0.03999976362752899642649712936531163578624342390073675245873072096986368,0.5646436222306656301160154755916644334867150550615147909465567527945804,8.949041766887172870047712390200164375420890902357014881655645849789015e-43,18,,,,,,
10,0.03999999999999999999999999999999999999999999999999999999999999941659232,1.200000000000000000000000000000000000000000000000000000000000031115076,EVEN_DIAGNOSTIC,,,0.5646433048086516118575055021150632280523527795146276854837372348050580,,,0.01737700032287106032812296738129527087745586322623440209216551377214714,-0.07607642922204529691572139243082780849130643404192026954248504795623813,-0.1350778182614405944382091246861363026343852442136598570413994550466150,0.0005213677804699631476767974294079406796737620618806029902941297304896681,-0.001084030693281665180986371989799489719755801722175339586377250820464227,0.00006984314369790940078871145607199684473371930262602284662796288782910883
